Title,Year,Rated,Released,Season,Episode,Runtime,Genre,Director,Writer,Actors,Plot,Language,Country,Awards,Poster,Ratings,Metascore,imdbRating,imdbVotes,imdbID,seriesID,Type,Response
Pilot,2013,TV-14,17 Sep 2013,1,1,23 min,"Comedy, Crime","Phil Lord, Christopher Miller","Dan Goor, Michael Schur","Andy Samberg, Stephanie Beatriz, Terry Crews","Detective Jake Peralta finds his work scrutinized when new Captain, Ray Holt, takes over at his precinct.",English,United States,N/A,https://m.media-amazon.com/images/M/MV5BMTYwODE5Mzk4OV5BMl5BanBnXkFtZTcwMjk0MjE1OQ@@._V1_SX300.jpg,"[{'Source': 'Internet Movie Database', 'Value': '7.7/10'}]",N/A,7.7,6535,tt2936284,tt2467372,episode,True
The Tagger,2013,TV-14,24 Sep 2013,1,2,21 min,"Comedy, Crime",Craig Zisk,"Dan Goor, Michael Schur, Norm Hiscock","Andy Samberg, Stephanie Beatriz, Terry Crews","When Jake arrives late for work, Captain Holt decides to shadow him. However, the arrest they make proves complicated. Meanwhile, a psychic friend of Gina's gets inside Charles' head.",English,United States,N/A,https://m.media-amazon.com/images/M/MV5BMTYzNTIwNzgzNF5BMl5BanBnXkFtZTgwODYxOTEzMDE@._V1_SX300.jpg,"[{'Source': 'Internet Movie Database', 'Value': '7.5/10'}]",N/A,7.5,5147,tt3179592,tt2467372,episode,True
The Slump,2013,TV-14,01 Oct 2013,1,3,21 min,"Comedy, Crime",Julie Anne Robinson,"Dan Goor, Michael Schur, Prentice Penny","Andy Samberg, Stephanie Beatriz, Terry Crews","With a backlog of unsolved cases, Jake finds himself in a slump. Meanwhile, Amy is put in charge of the Junior Police Program for at risk kids, but her efforts to inspire them fall flat.",English,United States,N/A,https://m.media-amazon.com/images/M/MV5BMjAwMzA2MTU3MF5BMl5BanBnXkFtZTgwNzU3MTMzMDE@._V1_SX300.jpg,"[{'Source': 'Internet Movie Database', 'Value': '7.5/10'}]",N/A,7.5,4796,tt3211762,tt2467372,episode,True
M.E. Time,2013,TV-14,08 Oct 2013,1,4,21 min,"Comedy, Crime",Troy Miller,"Dan Goor, Michael Schur, Gil Ozeri","Andy Samberg, Stephanie Beatriz, Terry Crews","Jake meets an attractive Medical Examiner, but their relationship slows down her work, much to his colleagues' annoyance. Meanwhile, Amy desperately tries to impress Holt.",English,United States,N/A,https://m.media-amazon.com/images/M/MV5BZjYzMzQ1ZjAtODViMi00ZWQzLThhZTAtNGU2YmQwZjVmYmY1XkEyXkFqcGc@._V1_SX300.jpg,"[{'Source': 'Internet Movie Database', 'Value': '7.6/10'}]",N/A,7.6,4665,tt3220646,tt2467372,episode,True
The Vulture,2013,TV-14,15 Oct 2013,1,5,22 min,"Comedy, Crime",Jason Ensler,"Dan Goor, Michael Schur, Laura McCreary","Andy Samberg, Stephanie Beatriz, Terry Crews",A detective from Major Crimes takes over Jake's nearly solved murder case and steals his thunder.,English,United States,N/A,https://m.media-amazon.com/images/M/MV5BMTIwMmNlZGUtOWYyZi00YTg1LWFlZWYtNDExNzAxOGFlMjcxXkEyXkFqcGc@._V1_SX300.jpg,"[{'Source': 'Internet Movie Database', 'Value': '7.9/10'}]",N/A,7.9,4723,tt3113610,tt2467372,episode,True
Halloween,2013,TV-14,22 Oct 2013,1,6,21 min,"Comedy, Crime",Dean Holland,"Dan Goor, Michael Schur, Lesley Arfin","Andy Samberg, Stephanie Beatriz, Terry Crews","Jake makes a foolish bet with Holt that he can steal his Medal of Valor before Halloween is over, while Amy is forced to wear a costume while undercover with Charles.",English,United States,N/A,https://m.media-amazon.com/images/M/MV5BZGIwZjIwNDItNmYzNC00YzI4LTkwODYtNjQzNWUxYjNiY2Y0XkEyXkFqcGc@._V1_SX300.jpg,"[{'Source': 'Internet Movie Database', 'Value': '8.4/10'}]",N/A,8.4,5305,tt3176582,tt2467372,episode,True
48 Hours,2013,TV-14,05 Nov 2013,1,7,21 min,"Comedy, Crime",Peter Lauer,"Dan Goor, Michael Schur, Luke Del Tredici","Andy Samberg, Stephanie Beatriz, Terry Crews",Jake stupidly arrests a male suspect despite having no evidence and only has 48 hours to prove he did it or release him without charge.,English,United States,N/A,https://m.media-amazon.com/images/M/MV5BNDk2ZjBhYWUtYmU5My00ODlmLTkxMjUtYWQ0OTEzYmZlMjAxXkEyXkFqcGc@._V1_SX300.jpg,"[{'Source': 'Internet Movie Database', 'Value': '8.0/10'}]",N/A,8.0,4447,tt3184374,tt2467372,episode,True
Old School,2013,TV-14,12 Nov 2013,1,8,21 min,"Comedy, Crime",Beth McCarthy-Miller,"Dan Goor, Michael Schur, Gabe Liedman","Andy Samberg, Stephanie Beatriz, Terry Crews","Jake is horrified when his hero, Jimmy Brogan, a crime writer, accompanies him on the job, and threatens to quote him in a damning article. Meanwhile, Rosa has to work on her attitude in court.",English,United States,N/A,https://m.media-amazon.com/images/M/MV5BMTkyMTU2ODI1MF5BMl5BanBnXkFtZTgwNzYwMDA2MDE@._V1_SX300.jpg,"[{'Source': 'Internet Movie Database', 'Value': '7.6/10'}]",N/A,7.6,4265,tt3215234,tt2467372,episode,True
Sal's Pizza,2013,TV-14,19 Nov 2013,1,9,21 min,"Comedy, Crime",Craig Zisk,"Dan Goor, Michael Schur, Lakshmi Sundaram","Andy Samberg, Stephanie Beatriz, Terry Crews","Jake's favorite pizza place burns down and he is determined to prove the owner was not responsible. Meanwhile, Amy is jealous of Rosa's being offered a promotion, and Terry and Gina have to hire a new IT specialist.",English,United States,N/A,https://m.media-amazon.com/images/M/MV5BMTk5NzU5MjYzN15BMl5BanBnXkFtZTgwMDI3OTQ2MDE@._V1_SX300.jpg,"[{'Source': 'Internet Movie Database', 'Value': '7.5/10'}]",N/A,7.5,4144,tt3317628,tt2467372,episode,True
Thanksgiving,2013,TV-14,26 Nov 2013,1,10,21 min,"Comedy, Crime",N/A,N/A,N/A,"Amy hosts a Thanksgiving dinner at her apartment for everyone at the precinct, but it soon turns into a disaster.",English,United States,N/A,https://m.media-amazon.com/images/M/MV5BY2E4NWE3Y2ItNTIxZS00YWQ3LTgyODItODk4OWNlNDM3Mjg1XkEyXkFqcGc@._V1_SX300.jpg,"[{'Source': 'Internet Movie Database', 'Value': '8.1/10'}]",N/A,8.1,4563,tt3267804,tt2467372,episode,True
Christmas,2013,TV-14,03 Dec 2013,1,11,21 min,"Comedy, Crime",Jake Szymanski,"Dan Goor, Michael Schur, Lesley Arfin","Andy Samberg, Stephanie Beatriz, Terry Crews","When Holt receives death threats, he surprisingly puts Jake in charge of his security. Meanwhile, Terry undergoes a psych evaluation, and Amy tries to make the perfect holiday card for Holt.",English,United States,N/A,https://m.media-amazon.com/images/M/MV5BNDY2NTYyNjk2OV5BMl5BanBnXkFtZTgwNTI5MDM5NjM@._V1_SX300.jpg,"[{'Source': 'Internet Movie Database', 'Value': '8.1/10'}]",N/A,8.1,4023,tt3277264,tt2467372,episode,True
Pontiac Bandit,2014,TV-14,07 Jan 2014,1,12,21 min,"Comedy, Crime",Craig Zisk,"Dan Goor, Michael Schur, Norm Hiscock","Andy Samberg, Stephanie Beatriz, Terry Crews","Jake convinces Rosa to make a deal with a criminal in order to catch a car thief, while Charles makes an awkward return to the precinct, and Holt tries to get rid of two puppies.",English,United States,N/A,https://m.media-amazon.com/images/M/MV5BOTUzOTQwOTExNl5BMl5BanBnXkFtZTgwMDQyNjE5MDE@._V1_SX300.jpg,"[{'Source': 'Internet Movie Database', 'Value': '8.0/10'}]",N/A,8.0,4076,tt3424950,tt2467372,episode,True
The Bet,2014,TV-14,14 Jan 2014,1,13,21 min,"Comedy, Crime",Julian Farino,"Dan Goor, Michael Schur, Laura McCreary","Andy Samberg, Stephanie Beatriz, Terry Crews","Jake and Amy's ongoing bet about who can make more arrests comes to a close. Charles receives the Medal of Valor for getting shot in the line of duty, but the pain medication he is taking causes him to reveal his true opinions.",English,United States,N/A,https://m.media-amazon.com/images/M/MV5BODg3ODg4OTczN15BMl5BanBnXkFtZTgwNzUyNjE5MDE@._V1_SX300.jpg,"[{'Source': 'Internet Movie Database', 'Value': '8.7/10'}]",N/A,8.7,4881,tt3383490,tt2467372,episode,True
The Ebony Falcon,2014,TV-14,21 Jan 2014,1,14,22 min,"Comedy, Crime",Michael Blieden,"Dan Goor, Michael Schur, Prentice Penny","Andy Samberg, Stephanie Beatriz, Terry Crews","Jake begins to have second thoughts about putting Terry back in the field for a dangerous undercover assignment, while Rosa and Amy try to help Gina after she is robbed.",English,United States,N/A,https://m.media-amazon.com/images/M/MV5BMTg1MDI1NTI0OF5BMl5BanBnXkFtZTgwNzIyNjE5MDE@._V1_SX300.jpg,"[{'Source': 'Internet Movie Database', 'Value': '7.5/10'}]",N/A,7.5,3917,tt3454684,tt2467372,episode,True
Operation: Broken Feather,2014,TV-14,02 Feb 2014,1,15,22 min,"Comedy, Crime",Julie Anne Robinson,"Dan Goor, Michael Schur, Gil Ozeri","Andy Samberg, Stephanie Beatriz, Terry Crews","Jake is hurt when Amy tells him that she is considering leaving the precinct, while Terry helps Holt redesign the precinct to make everyone more productive.",English,United States,N/A,https://m.media-amazon.com/images/M/MV5BMjIyMTM4OTI0MV5BMl5BanBnXkFtZTgwMDQ5NzYwMTE@._V1_SX300.jpg,"[{'Source': 'Internet Movie Database', 'Value': '8.0/10'}]",N/A,8.0,3977,tt3468330,tt2467372,episode,True
The Party,2014,TV-14,04 Feb 2014,1,16,22 min,"Comedy, Crime",Michael Engler,"Dan Goor, Michael Schur, Gil Ozeri","Andy Samberg, Stephanie Beatriz, Terry Crews","At Captain Holt's birthday party, Jake, Amy and the other officers try to make a good impression on Holt's husband, but fail miserably.",English,United States,N/A,https://m.media-amazon.com/images/M/MV5BMTAzMjUwOTY5NTheQTJeQWpwZ15BbWU4MDU1OTc2MDEx._V1_SX300.jpg,"[{'Source': 'Internet Movie Database', 'Value': '8.4/10'}]",N/A,8.4,4414,tt3485608,tt2467372,episode,True
Full Boyle,2014,TV-14,11 Feb 2014,1,17,22 min,"Comedy, Crime",Craig Zisk,"Dan Goor, Michael Schur, Norm Hiscock","Andy Samberg, Stephanie Beatriz, Terry Crews","Jake tries to keep Charles from going ""full Boyle"" on his new girlfriend. Meanwhile, Rosa and Amy are reluctant to help an amateur caped crime fighter, and Holt faces competition for the presidency of a police organization he foun...",English,United States,N/A,https://m.media-amazon.com/images/M/MV5BMTQwMzMyMjMwM15BMl5BanBnXkFtZTgwNzQ0ODYxMTE@._V1_SX300.jpg,"[{'Source': 'Internet Movie Database', 'Value': '7.8/10'}]",N/A,7.8,3768,tt3502604,tt2467372,episode,True
The Apartment,2014,TV-14,25 Feb 2014,1,18,22 min,"Comedy, Crime",Tucker Gates,"Dan Goor, Michael Schur, David Quandt","Andy Samberg, Stephanie Beatriz, Terry Crews","Due to his crippling debt, Jake faces losing his apartment, and asks Gina for help. Rosa and Charles clash with one of the weekend officers, and Holt and Terry ask their officers to conduct self-evaluations.",English,United States,N/A,https://m.media-amazon.com/images/M/MV5BMjE2Nzc5MjQ4NF5BMl5BanBnXkFtZTgwMTY1MzIyMTE@._V1_SX300.jpg,"[{'Source': 'Internet Movie Database', 'Value': '7.5/10'}]",N/A,7.5,3637,tt3531352,tt2467372,episode,True
Tactical Village,2014,TV-14,04 Mar 2014,1,19,22 min,"Comedy, Crime",Fred Goss,"Dan Goor, Michael Schur, Luke Del Tredici","Andy Samberg, Stephanie Beatriz, Terry Crews","Jake tries to set a new record on a training course, Rosa is angry when she does not get an invite to Charles' wedding, and Gina helps Holt overcome his newfound addiction to a game on his smartphone.",English,United States,N/A,https://m.media-amazon.com/images/M/MV5BMzA0OTcxNDQ4NF5BMl5BanBnXkFtZTgwNDc1MzIyMTE@._V1_SX300.jpg,"[{'Source': 'Internet Movie Database', 'Value': '8.3/10'}]",N/A,8.3,3951,tt3546816,tt2467372,episode,True
Fancy Brudgom,2014,TV-14,11 Mar 2014,1,20,22 min,"Comedy, Crime",Victor Nelli Jr.,"Dan Goor, Michael Schur, Laura McCreary","Andy Samberg, Stephanie Beatriz, Terry Crews","Jake tries to convince Charles to stand up to Vivian before the wedding, Terry struggles to stick to a diet after Amy and Gina give up, and Holt tries to get Rosa to make a sincere apology to an officer she offended.",English,United States,N/A,https://m.media-amazon.com/images/M/MV5BZTIyN2UyZGEtOGVmNS00NDk4LWE0N2YtOWUxNTMxN2FkZjAyXkEyXkFqcGc@._V1_SX300.jpg,"[{'Source': 'Internet Movie Database', 'Value': '7.5/10'}]",N/A,7.5,3711,tt3565566,tt2467372,episode,True
Unsolvable,2014,TV-14,18 Mar 2014,1,21,22 min,"Comedy, Crime",Ken Whittingham,"Dan Goor, Michael Schur, Prentice Penny","Andy Samberg, Stephanie Beatriz, Terry Crews","Jake and Terry try to solve an apparently unsolvable case, Amy lies to Holt in order to dodge work and escape for a romantic weekend away, while Gina and Rosa introduce Charles to ""Babylon"", their secret bathroom.",English,United States,N/A,https://m.media-amazon.com/images/M/MV5BMDI0ZTQ1NjAtNDhiNS00OTg3LWIzOTUtNWMxZWQ5NTRjMTg0XkEyXkFqcGc@._V1_SX300.jpg,[],N/A,N/A,3750,tt3585294,tt2467372,episode,True
Charges and Specs,2014,TV-14,25 Mar 2014,1,22,21 min,"Comedy, Crime",Akiva Schaffer,"Dan Goor, Michael Schur, Gil Ozeri","Andy Samberg, Stephanie Beatriz, Terry Crews","Jake's latest investigation results in administrative leave, and, ultimately, his firing from the NYPD. Meanwhile, Charles goes into a funk after Vivian breaks up with him before their wedding, and the others try to cheer him up.",English,United States,N/A,https://m.media-amazon.com/images/M/MV5BMTQ3MDIxNTI3MF5BMl5BanBnXkFtZTgwMjQwMjY0MTE@._V1_SX300.jpg,"[{'Source': 'Internet Movie Database', 'Value': '8.8/10'}]",N/A,8.8,4464,tt3594572,tt2467372,episode,True
Undercover,2014,TV-14,28 Sep 2014,2,1,22 min,"Comedy, Crime",Dean Holland,"Dan Goor, Michael Schur, Luke Del Tredici","Andy Samberg, Stephanie Beatriz, Terry Crews","Jake's undercover operation ends in a successful sting, until he learns one mobster has gotten away. Jake enlists Charles' help to track him down, and Holt tests the squad with practice drills. But can Charles keep his new secret ...",English,United States,N/A,https://m.media-amazon.com/images/M/MV5BODg5YjIwZWYtM2Y5ZS00NTI5LWE0ODMtYjU1OWZkYmMyN2RlXkEyXkFqcGc@._V1_SX300.jpg,"[{'Source': 'Internet Movie Database', 'Value': '8.1/10'}]",N/A,8.1,3888,tt3587386,tt2467372,episode,True
Chocolate Milk,2014,TV-14,05 Oct 2014,2,2,21 min,"Comedy, Crime",Fred Goss,"Dan Goor, Michael Schur, Gabe Liedman","Andy Samberg, Stephanie Beatriz, Terry Crews","Holt's old nemesis is in charge of the precinct inspection, Peralta and Jeffords investigate a stabbing before Jeffords goes in for his vasectomy, and Boyle needs a plus-one for his ex-wife's wedding.",English,United States,N/A,https://m.media-amazon.com/images/M/MV5BMTgzNDIwOTczMF5BMl5BanBnXkFtZTgwMDUwMzY4MjE@._V1_SX300.jpg,"[{'Source': 'Internet Movie Database', 'Value': '7.6/10'}]",N/A,7.6,3541,tt3887822,tt2467372,episode,True
The Jimmy Jab Games,2014,TV-14,12 Oct 2014,2,3,21 min,"Comedy, Crime",Rebecca Asher,"Dan Goor, Michael Schur, Lakshmi Sundaram","Andy Samberg, Stephanie Beatriz, Terry Crews","The precinct holds a competition while on stand-by for a motorcade, Holt has another run-in with Deputy Chief Wuntch, Boyle needs to get an incriminating videotape from Hitchcock, and Rosa thinks Peralta still has feelings for San...",English,United States,N/A,https://m.media-amazon.com/images/M/MV5BMjAxNTYyMTA5N15BMl5BanBnXkFtZTgwODgwMzY4MjE@._V1_SX300.jpg,"[{'Source': 'Internet Movie Database', 'Value': '8.1/10'}]",N/A,8.1,3823,tt3975718,tt2467372,episode,True
Halloween II,2014,TV-14,19 Oct 2014,2,4,21 min,"Comedy, Crime",Eric Appel,"Dan Goor, Michael Schur, Prentice Penny","Andy Samberg, Stephanie Beatriz, Terry Crews","The Peralta/Holt annual Halloween bet continues when Jake challenges the Captain that he can steal his watch before midnight. Meanwhile, Gina is upset that her dance team, Floorgasm, kicks her off the squad and Terry confronts her...",English,United States,N/A,https://m.media-amazon.com/images/M/MV5BNjkyMzM3NzYwMF5BMl5BanBnXkFtZTgwNjUyMzY4MjE@._V1_SX300.jpg,"[{'Source': 'Internet Movie Database', 'Value': '8.7/10'}]",N/A,8.7,4248,tt3920290,tt2467372,episode,True
The Mole,2014,TV-14,02 Nov 2014,2,5,21 min,"Comedy, Crime",Victor Nelli Jr.,"Dan Goor, Michael Schur, Laura McCreary","Andy Samberg, Stephanie Beatriz, Terry Crews","There's a mole in the precinct and Holt and Jake need to find out who it is before Deputy Chief Madeline Wuntch gets wind of it. Meanwhile, Terry and Rosa visit a ""silent"" disco to uncover new leads for their new drug task force.",English,United States,N/A,https://m.media-amazon.com/images/M/MV5BZjkzMDk3MzAtMDEwMi00MTJmLTlhN2EtY2I5NzcwODRkYTM1XkEyXkFqcGc@._V1_SX300.jpg,"[{'Source': 'Internet Movie Database', 'Value': '8.1/10'}]",N/A,8.1,3651,tt3955954,tt2467372,episode,True
Jake and Sophia,2014,TV-14,09 Nov 2014,2,6,22 min,"Comedy, Crime",Michael McDonald,"Dan Goor, Michael Schur, Tricia McAlpin","Andy Samberg, Stephanie Beatriz, Terry Crews","Jake hits it off with a woman at a bar, but later finds out she is the attorney for a perp he is trying to put in jail. Meanwhile, Gina and Charles work to put their relationship behind them, and Amy is pressured into running for ...",English,United States,N/A,https://m.media-amazon.com/images/M/MV5BZTM5NjE1ZGUtY2M3My00N2U0LWIzYWYtN2FkMzYxMmYyNjQxXkEyXkFqcGdeQXVyMjg2MTMyNTM@._V1_SX300.jpg,"[{'Source': 'Internet Movie Database', 'Value': '8.1/10'}]",N/A,8.1,3339,tt4059886,tt2467372,episode,True
Lockdown,2014,TV-14,16 Nov 2014,2,7,22 min,"Comedy, Crime",Linda Mendoza,"Dan Goor, Michael Schur, Luke Del Tredici","Andy Samberg, Stephanie Beatriz, Terry Crews","The precinct goes into lockdown mode on Thanksgiving night, and Jake, who was left in charge, is confident in his ability to keep spirits high and avoid chaos. Amy is less confident, as things spiral out of control.",English,United States,N/A,https://m.media-amazon.com/images/M/MV5BYTViYmI1N2QtYWIwYy00NDBjLWFlYTgtYWQ2Yjc5MGIwYTYwXkEyXkFqcGc@._V1_SX300.jpg,"[{'Source': 'Internet Movie Database', 'Value': '7.7/10'}]",N/A,7.7,3465,tt4135098,tt2467372,episode,True
USPIS,2014,TV-14,23 Nov 2014,2,8,22 min,"Comedy, Crime",Ken Whittingham,"Dan Goor, Michael Schur, Brian Reich","Andy Samberg, Stephanie Beatriz, Terry Crews","While attempting to catch a drug dealer, Jake and Charles reluctantly join forces with the nerdy lead investigator at the U.S. Postal Service, Jack Danger. Meanwhile, the rest of the team helps Amy quit smoking.",English,United States,N/A,https://m.media-amazon.com/images/M/MV5BNWUyN2VhMmUtODMyZC00MDJhLTg1ZjUtZjRlNjc5ODE5NTFhXkEyXkFqcGdeQXVyMjg2MTMyNTM@._V1_SX300.jpg,"[{'Source': 'Internet Movie Database', 'Value': '7.7/10'}]",N/A,7.7,3406,tt4161002,tt2467372,episode,True
The Road Trip,2014,TV-14,30 Nov 2014,2,9,22 min,"Comedy, Crime",Beth McCarthy-Miller,"Dan Goor, Michael Schur, Brigitte Muñoz-Liebowitz","Andy Samberg, Stephanie Beatriz, Terry Crews","Jake and Amy have a case early in the morning, so they stay at a hotel overnight. Jake invites Sophia and Amy's boyfriend not knowing that Amy is planning on breaking up with him.",English,United States,1 nomination,https://m.media-amazon.com/images/M/MV5BYjhlMTllMjMtNGQ1OC00ZTRhLWFkMmEtNTM0YTM1MjhhMTk4XkEyXkFqcGc@._V1_SX300.jpg,"[{'Source': 'Internet Movie Database', 'Value': '8.1/10'}]",N/A,8.1,3615,tt4178204,tt2467372,episode,True
The Pontiac Bandit Returns,2014,TV-14,07 Dec 2014,2,10,22 min,"Comedy, Crime",Max Winkler,"Dan Goor, Michael Schur, Matt O'Brien","Andy Samberg, Stephanie Beatriz, Terry Crews","The Pontiac Bandit aka Doug Judy, is back in custody, after jamming up Jake and Rosa in his previous encounter with them. But when Rosa discovers that Judy knows the whereabouts of the ""Giggle Pig"" drug leader, Capt. Holt offers t...",English,United States,N/A,https://m.media-amazon.com/images/M/MV5BNWE3ZmNkMjgtNjA4My00YjRjLTg5MDctMTU2ZmY3NzlkODVkXkEyXkFqcGc@._V1_SX300.jpg,"[{'Source': 'Internet Movie Database', 'Value': '8.2/10'}]",N/A,8.2,3503,tt4195086,tt2467372,episode,True
Stakeout,2014,TV-14,14 Dec 2014,2,11,22 min,"Comedy, Crime",Tristram Shapeero,"Dan Goor, Michael Schur, Laura McCreary","Andy Samberg, Stephanie Beatriz, Terry Crews","Jake and Boyle go on a stakeout and tensions rise between the two, Rosa shows interest in Holt's nephew, and Terry writes a book for his daughters. Santiago and Gina are displeased when they assume the characters in the book are b...",English,United States,N/A,https://m.media-amazon.com/images/M/MV5BMjdlNmY4YzUtMzBhMS00ZThkLWJkYzgtYTQzMGYzNGMwNDM0XkEyXkFqcGdeQXVyMjg2MTMyNTM@._V1_SX300.jpg,"[{'Source': 'Internet Movie Database', 'Value': '7.7/10'}]",N/A,7.7,3369,tt4241288,tt2467372,episode,True
Beach House,2015,TV-14,04 Jan 2015,2,12,22 min,"Comedy, Crime",Tim Kirkby,"Dan Goor, Michael Schur, Lakshmi Sundaram","Andy Samberg, Stephanie Beatriz, Terry Crews",The precinct's annual getaway to Boyle's beach house is ruined when Holt guilts Peralta into inviting him along for the festivities.,English,United States,N/A,https://m.media-amazon.com/images/M/MV5BZmZlYWM3ZmItNmIyZi00ZDhlLTgxYjgtZTg2NWVkM2I5ZjFjXkEyXkFqcGc@._V1_SX300.jpg,"[{'Source': 'Internet Movie Database', 'Value': '8.2/10'}]",N/A,8.2,3607,tt4270386,tt2467372,episode,True
Payback,2015,TV-14,11 Jan 2015,2,13,22 min,"Comedy, Crime",Victor Nelli Jr.,"Dan Goor, Michael Schur, Norm Hiscock","Andy Samberg, Stephanie Beatriz, Terry Crews","Jake goes to great lengths to keep Terry's secret from the rest of the precinct, and Amy gets her chance to partner up with Captain Holt.",English,United States,N/A,https://m.media-amazon.com/images/M/MV5BZmI0NDVmNjEtYzk4OS00Yzc4LThkYWUtZWNhNThhNjE4ZDY0XkEyXkFqcGdeQXVyMjg2MTMyNTM@._V1_SX300.jpg,"[{'Source': 'Internet Movie Database', 'Value': '7.9/10'}]",N/A,7.9,3104,tt4303088,tt2467372,episode,True
Defense Rests,2015,TV-14,25 Jan 2015,2,14,21 min,"Comedy, Crime",Jamie Babbit,"Dan Goor, Michael Schur, Prentice Penny","Andy Samberg, Stephanie Beatriz, Terry Crews",Jake tries to impress Sophia's boss. Gina refuses to give her blessing to her mom's engagement. Holt faces a difficult decision.,English,United States,N/A,https://m.media-amazon.com/images/M/MV5BZGM5MjIzZDUtMzRmNS00ODEwLTg5YTItYzkwMGQ2ZGIxYWYzXkEyXkFqcGc@._V1_SX300.jpg,"[{'Source': 'Internet Movie Database', 'Value': '7.6/10'}]",N/A,7.6,3381,tt4321708,tt2467372,episode,True
Windbreaker City,2015,TV-14,08 Feb 2015,2,15,22 min,"Comedy, Crime",Craig Zisk,"Dan Goor, Michael Schur, Gabe Liedman","Andy Samberg, Stephanie Beatriz, Terry Crews","Jake is heartbroken over Sophia, but his spirits are lifted when the squad is invited to a Homeland Security terrorist training simulation.",English,United States,N/A,https://m.media-amazon.com/images/M/MV5BM2IzOGY3ZmQtMTlhYy00ZmY4LThjOWUtZDkxYWJjY2U5YWQxXkEyXkFqcGc@._V1_SX300.jpg,"[{'Source': 'Internet Movie Database', 'Value': '8.1/10'}]",N/A,8.1,3427,tt4362492,tt2467372,episode,True
The Wednesday Incident,2015,TV-14,15 Feb 2015,2,16,22 min,"Comedy, Crime",Claire Scanlon,"Dan Goor, Michael Schur, Laura McCreary","Andy Samberg, Stephanie Beatriz, Terry Crews","Peralta sets out to prove that--for once--he is not the source of Captain Holt's bad mood. Boyle apprehends a notorious bank robber, who turns out to be a harmless-looking old man whom nobody else believes committed the crime.",English,United States,N/A,https://m.media-amazon.com/images/M/MV5BOTQxN2UwMzQtMWNiOS00MmY1LWI0M2EtYjg3ZmY4ZTZmNjA1XkEyXkFqcGdeQXVyMjg2MTMyNTM@._V1_SX300.jpg,"[{'Source': 'Internet Movie Database', 'Value': '7.9/10'}]",N/A,7.9,3254,tt4277880,tt2467372,episode,True
Boyle-Linetti Wedding,2015,TV-14,01 Mar 2015,2,17,22 min,"Comedy, Crime",Dean Holland,"Dan Goor, Michael Schur, Matt O'Brien","Andy Samberg, Stephanie Beatriz, Terry Crews","It's the day of Gina and Charles' parents' wedding, and the whole squad is given a job to fulfill for the ceremony. However, Jake and Amy get sidetracked chasing a criminal, and Terry struggles to officiate the wedding.",English,United States,N/A,https://m.media-amazon.com/images/M/MV5BYzM0YThmNGEtOTE0Yi00NDY0LWFmZDMtYTBmOGRmNWY5Mzg4XkEyXkFqcGc@._V1_SX300.jpg,"[{'Source': 'Internet Movie Database', 'Value': '8.1/10'}]",N/A,8.1,3412,tt4375136,tt2467372,episode,True
Captain Peralta,2015,TV-14,08 Mar 2015,2,18,22 min,"Comedy, Crime",Eric Appel,"Dan Goor, Michael Schur, Gabe Liedman","Andy Samberg, Stephanie Beatriz, Terry Crews","Jake's mainly absentee father, Roger (guest star Bradley Whitford), comes to town to spend some time with his son. Jake can't wait to see him, but Charles is skeptical of Roger's intentions. Meanwhile, Holt tasks Amy, Terry, Gina ...",English,United States,N/A,https://m.media-amazon.com/images/M/MV5BOGVhMTc5ODAtMDc2NS00MjAxLTkwZDEtMTFmNTU5MTcyZTY0XkEyXkFqcGdeQXVyMjg2MTMyNTM@._V1_SX300.jpg,"[{'Source': 'Internet Movie Database', 'Value': '7.7/10'}]",N/A,7.7,3262,tt4454544,tt2467372,episode,True
Sabotage,2015,TV-14,15 Mar 2015,2,19,21 min,"Comedy, Crime",Jaime Eliezer Karas,"Dan Goor, Michael Schur, Brian Reich","Andy Samberg, Stephanie Beatriz, Terry Crews",Amy and Rosa investigate Jake's claim that somebody is trying to sabotage him and get him fired. Boyle partners up with Hitchcock and Scully to solve a case. Captain Holt refuses to lie with Terry about attending Gina's dance perf...,English,United States,N/A,https://m.media-amazon.com/images/M/MV5BYjZlMTQ2OTUtN2I1ZS00NjViLTliZWQtYmEyMzRhYmMxYzdkXkEyXkFqcGdeQXVyMjg2MTMyNTM@._V1_SX300.jpg,"[{'Source': 'Internet Movie Database', 'Value': '7.8/10'}]",N/A,7.8,3017,tt4423346,tt2467372,episode,True
AC/DC,2015,TV-14,26 Apr 2015,2,20,22 min,"Comedy, Crime",Linda Mendoza,"Dan Goor, Michael Schur, Kylie Condon","Andy Samberg, Stephanie Beatriz, Terry Crews","Jake is badly injured trying to chase a suspect, but he refuses to take time off from the job. Holt and Rosa have an awkward dinner date with their significant others, so they invite Amy and Gina along as well.",English,United States,N/A,https://m.media-amazon.com/images/M/MV5BZTZmZTI0N2ItZTdiMy00ZWJmLTg3MWItOTNmYzZkYzQ3YTA5XkEyXkFqcGdeQXVyMjg2MTMyNTM@._V1_SX300.jpg,"[{'Source': 'Internet Movie Database', 'Value': '7.6/10'}]",N/A,7.6,2942,tt4526676,tt2467372,episode,True
Det. Dave Majors,2015,TV-14,03 May 2015,2,21,22 min,"Comedy, Crime",Michael McDonald,"Dan Goor, Michael Schur, Gabe Liedman","Andy Samberg, Stephanie Beatriz, Terry Crews","Jake is jealous when a detective from another precinct wants to ask Amy out on a date. Linetti and Boyle try to keep Jeffords from taking a job with a private firm, but captain Holt seems to be pushing him out the door.",English,United States,N/A,https://m.media-amazon.com/images/M/MV5BZTdiMDEzMTgtZWQ5Yi00ZjQ3LThiMzQtZGUyM2Y5NzEzNTg4XkEyXkFqcGdeQXVyMjg2MTMyNTM@._V1_SX300.jpg,"[{'Source': 'Internet Movie Database', 'Value': '7.9/10'}]",N/A,7.9,3240,tt4526686,tt2467372,episode,True
The Chopper,2015,TV-14,10 May 2015,2,22,22 min,"Comedy, Crime",Phil Traill,"Dan Goor, Michael Schur, Tricia McAlpin","Andy Samberg, Stephanie Beatriz, Terry Crews",Holt worries that Jake is being set up to fail when Wuntch green lights his dream assignment. Terry hosts a field trip for a magnet school.,English,United States,N/A,https://m.media-amazon.com/images/M/MV5BMDcwNGYxMTMtMzU5MC00NTBmLWE5ZDMtYTllMzQ4MmQyYzE4XkEyXkFqcGc@._V1_SX300.jpg,"[{'Source': 'Internet Movie Database', 'Value': '8.5/10'}]",N/A,8.5,3475,tt4526688,tt2467372,episode,True
Johnny and Dora,2015,TV-14,17 May 2015,2,23,22 min,"Comedy, Crime",Dean Holland,"Dan Goor, Michael Schur, Luke Del Tredici","Andy Samberg, Stephanie Beatriz, Terry Crews",Jake and Amy go undercover to catch an infamous identity thief. The squad is rocked by an unexpected farewell.,English,United States,N/A,https://m.media-amazon.com/images/M/MV5BYTliMGZhOTQtMjU0ZS00NGMyLThmMTUtOWEzODE4NDZkODA1XkEyXkFqcGc@._V1_SX300.jpg,"[{'Source': 'Internet Movie Database', 'Value': '9.0/10'}]",N/A,9.0,4499,tt4584946,tt2467372,episode,True
New Captain,2015,TV-14,27 Sep 2015,3,1,22 min,"Comedy, Crime",Michael Schur,"Dan Goor, Michael Schur, Matt Murray","Andy Samberg, Stephanie Beatriz, Terry Crews","Nobody in the precinct likes the new captain, Wuntch continues to humiliate Holt as he takes his new job in Public Relations, and Jake and Amy try to figure out what to do next after their kiss.",English,United States,N/A,https://m.media-amazon.com/images/M/MV5BMjA2Nzk4MTM4MV5BMl5BanBnXkFtZTgwNzkyNTA3NjE@._V1_SX300.jpg,"[{'Source': 'Internet Movie Database', 'Value': '8.2/10'}]",N/A,8.2,3612,tt4371294,tt2467372,episode,True
The Funeral,2015,TV-14,04 Oct 2015,3,2,22 min,"Comedy, Crime",Claire Scanlon,"Dan Goor, Michael Schur, Luke Del Tredici","Andy Samberg, Stephanie Beatriz, Terry Crews","The Nine-Nine gets another personnel change that could put Jake and Amy's budding relationship at risk. Meanwhile, Terry assists Holt with an important public relations matter, and Rosa and Gina try to convince Charles to rethink ...",English,United States,N/A,https://m.media-amazon.com/images/M/MV5BMmFmMDczODktNGM1Ni00ZjljLTk1NmUtYzIwYWQ2YjYyMjgwXkEyXkFqcGc@._V1_SX300.jpg,"[{'Source': 'Internet Movie Database', 'Value': '7.6/10'}]",N/A,7.6,3297,tt4371296,tt2467372,episode,True
Boyle's Hunch,2015,TV-14,11 Oct 2015,3,3,22 min,"Comedy, Crime",Trent O'Donnell,"Dan Goor, Michael Schur, Tricia McAlpin","Andy Samberg, Stephanie Beatriz, Terry Crews","Jake thinks Boyle might have met his soul-mate in Genevieve, an art gallery owner, and he tries to help set them up. Meanwhile, Rosa deals with intra-precinct theft and Holt seeks Amy's help with an image campaign.",English,United States,N/A,https://m.media-amazon.com/images/M/MV5BNmVkNmIzYWItYTdjZi00ZGI2LThmMmQtYzM3MWY3ZTZhMTQ5XkEyXkFqcGdeQXVyMjg2MTMyNTM@._V1_SX300.jpg,"[{'Source': 'Internet Movie Database', 'Value': '7.7/10'}]",N/A,7.7,2964,tt4371298,tt2467372,episode,True
The Oolong Slayer,2015,TV-14,18 Oct 2015,3,4,21 min,"Comedy, Crime",Michael McDonald,"Dan Goor, Michael Schur, Gabe Liedman","Andy Samberg, Stephanie Beatriz, Terry Crews",Jake and Holt secretly team up to hunt for a serial killer. Amy and Rosa seek revenge for a sexist assignment.,English,United States,N/A,https://m.media-amazon.com/images/M/MV5BNzhjOTkzNzgtMGYxOS00NzY0LWFmN2MtMWQ0ODdiMWQzNmEzXkEyXkFqcGc@._V1_SX300.jpg,"[{'Source': 'Internet Movie Database', 'Value': '8.4/10'}]",N/A,8.4,3452,tt4371300,tt2467372,episode,True
Halloween III,2015,TV-14,25 Oct 2015,3,5,22 min,"Comedy, Crime",Michael McDonald,"Dan Goor, Michael Schur, David Phillips","Andy Samberg, Stephanie Beatriz, Terry Crews","For this year's Halloween challenge, Jake and Holt divide the precinct into teams as they try to see who can steal a crown held under lock and key in the interrogation room.",English,United States,N/A,https://m.media-amazon.com/images/M/MV5BZDhiY2I1ZGItY2M4Ny00MWUxLTlkMTMtMGFmODc2N2I5OWYwXkEyXkFqcGc@._V1_SX300.jpg,"[{'Source': 'Internet Movie Database', 'Value': '8.9/10'}]",N/A,8.9,4113,tt4371304,tt2467372,episode,True
Into the Woods,2015,TV-14,08 Nov 2015,3,6,22 min,"Comedy, Crime",Linda Mendoza,"Dan Goor, Michael Schur, Andrew Guest","Andy Samberg, Stephanie Beatriz, Terry Crews",Jake and Charles talk Terry into going camping; Rosa receives relationship advice from Holt; Gina helps Amy prepare for a presentation.,English,United States,N/A,https://m.media-amazon.com/images/M/MV5BOTIwNmExYjYtMWEzYy00MmY0LWI0YjgtY2I0NDFhMjEwZjc3XkEyXkFqcGc@._V1_SX300.jpg,"[{'Source': 'Internet Movie Database', 'Value': '7.6/10'}]",N/A,7.6,3194,tt4371306,tt2467372,episode,True
The Mattress,2015,TV-14,15 Nov 2015,3,7,21 min,"Comedy, Crime",Dean Holland,"Laura McCreary, Matt O'Brien, Lakshmi Sundaram","Andy Samberg, Stephanie Beatriz, Terry Crews","Jake and Amy work together on a case, and wind up arguing over Jake's old, worn-out mattress. Meanwhile, Boyle scratches Holt's prized car, and the teenage boy Rosa sponsors as a ""big brother"" is in trouble with the law.",English,United States,N/A,https://m.media-amazon.com/images/M/MV5BYTYyZDhlNjktNDkzNS00MTljLWEyZWItZjU0MTFhNjM2MDEzXkEyXkFqcGc@._V1_SX300.jpg,"[{'Source': 'Internet Movie Database', 'Value': '7.6/10'}]",N/A,7.6,3435,tt4371310,tt2467372,episode,True
Ava,2015,TV-14,22 Nov 2015,3,8,21 min,"Comedy, Crime",Tristram Shapeero,"Dan Goor, Michael Schur, Matt O'Brien","Andy Samberg, Stephanie Beatriz, Terry Crews","Jake entertains Terry's pregnant wife, Sharon, until her water breaks sooner than expected and crisis ensues at the precinct.",English,United States,N/A,https://m.media-amazon.com/images/M/MV5BMThiM2RkZmUtYWFkNi00Zjk0LTg2MTMtMTc4YWUwNjNmMzhlXkEyXkFqcGc@._V1_SX300.jpg,"[{'Source': 'Internet Movie Database', 'Value': '8.1/10'}]",N/A,8.1,3242,tt4371320,tt2467372,episode,True
The Swedes,2015,TV-14,06 Dec 2015,3,9,21 min,"Comedy, Crime",Eric Appel,"Dan Goor, Michael Schur, Matt Murray","Andy Samberg, Stephanie Beatriz, Terry Crews","Jake and Rosa investigate a case in which they have to assist InterPol. Amy and Terry team up to help Gina study for an exam, while Captain Holt recruits Charles to double with him in a squash tournament.","English, Swedish",United States,N/A,https://m.media-amazon.com/images/M/MV5BMDZhZWVhN2ItZjFjNS00ZTA4LTg0ZGItZmYwZGE2ZDYxNmQzXkEyXkFqcGc@._V1_SX300.jpg,"[{'Source': 'Internet Movie Database', 'Value': '7.7/10'}]",N/A,7.7,3276,tt4371312,tt2467372,episode,True
Yippie Kayak,2015,TV-14,13 Dec 2015,3,10,21 min,"Comedy, Crime",Rebecca Asher,"Dan Goor, Michael Schur, Lakshmi Sundaram","Andy Samberg, Stephanie Beatriz, Terry Crews","Jake, Charles and Gina get into trouble while doing last-minute Christmas shopping, Terry tries to make it through the holidays without a call from the precinct, and Amy takes part in a ""Polar Swim"" with Holt and Diaz.",English,United States,N/A,https://m.media-amazon.com/images/M/MV5BMjk3ZTljYjMtNjJkMS00MDhiLTlkMDYtZTM5YmM5NTg0MWQ5XkEyXkFqcGc@._V1_SX300.jpg,"[{'Source': 'Internet Movie Database', 'Value': '8.7/10'}]",N/A,8.7,3684,tt4371314,tt2467372,episode,True
Hostage Situation,2016,TV-14,05 Jan 2016,3,11,21 min,"Comedy, Crime",Max Winkler,"Dan Goor, Michael Schur, Phil Augusta Jackson","Andy Samberg, Stephanie Beatriz, Terry Crews","Jake helps Charles reclaim the rights to his sperm from his ex-wife, Amy accidentally breaks Terry's nose after asking for a recommendation, and Gina helps interrogate a suspect who refuses to speak to anyone but her.",English,United States,N/A,https://m.media-amazon.com/images/M/MV5BNmNmODE5ZTMtNjcyZi00Y2IzLWI3OGItYjk0MWFkMzU2MGEyXkEyXkFqcGc@._V1_SX300.jpg,"[{'Source': 'Internet Movie Database', 'Value': '7.6/10'}]",N/A,7.6,3137,tt4371322,tt2467372,episode,True
9 Days,2016,TV-14,19 Jan 2016,3,12,22 min,"Comedy, Crime",Dean Holland,"Dan Goor, Michael Schur, Justin Noble","Andy Samberg, Stephanie Beatriz, Terry Crews","Peralta and Holt contract the Mumps while working on a cold case. Terry takes over the precinct in his place, but his ambitious plans ultimately fail. Boyle is sad over the death of his dog, but Diaz doesn't understand it.",English,United States,N/A,https://m.media-amazon.com/images/M/MV5BYTFhM2ExMGMtODQ0ZS00MWQ2LWE4MmYtNzMwNTU5MmUzNDEzXkEyXkFqcGc@._V1_SX300.jpg,"[{'Source': 'Internet Movie Database', 'Value': '7.9/10'}]",N/A,7.9,3342,tt4371324,tt2467372,episode,True
The Cruise,2016,TV-14,26 Jan 2016,3,13,21 min,"Comedy, Crime",Michael Spiller,"Dan Goor, Michael Schur, Tricia McAlpin","Andy Samberg, Stephanie Beatriz, Terry Crews","Jake comes face-to-face with his old nemesis Doug Judy as he and Amy go on a cruise. Meanwhile, Holt's sister comes to town for a visit, and Diaz and Boyle fight over a rent-controlled apartment which was a crime scene.",English,United States,N/A,https://m.media-amazon.com/images/M/MV5BNzVkYThmNTctYTVhMi00NjVlLTliMTctZTI5ZDU0YjMwMTAwXkEyXkFqcGc@._V1_SX300.jpg,"[{'Source': 'Internet Movie Database', 'Value': '8.0/10'}]",N/A,8.0,3216,tt4371326,tt2467372,episode,True
Karen Peralta,2016,TV-14,02 Feb 2016,3,14,21 min,"Comedy, Crime",Bruce McCulloch,"Dan Goor, Michael Schur, Alison Agosti","Andy Samberg, Stephanie Beatriz, Terry Crews","On Jake's birthday, his Mom tells him she is back together with his hated father. Meanwhile, Charles has an embarrassing moment with a body cam, and Holt's ""Escape the Room"" exercise for the Nine-Nine does not go as planned.",English,United States,N/A,https://m.media-amazon.com/images/M/MV5BNTU3ZDI2YTktODZmMS00YjE1LWIxYzMtZTAyM2JkOWMxZTljXkEyXkFqcGdeQXVyMjg2MTMyNTM@._V1_SX300.jpg,"[{'Source': 'Internet Movie Database', 'Value': '7.5/10'}]",N/A,7.5,2944,tt4371328,tt2467372,episode,True
The 9-8,2016,TV-14,09 Feb 2016,3,15,22 min,"Comedy, Crime",Nisha Ganatra,"Dan Goor, Michael Schur, David Phillips","Andy Samberg, Stephanie Beatriz, Terry Crews","Chaos ensues when the Nine-Nine is forced to share their station with the Nine-Eight precinct while their station is closed, and Charles consequently becomes jealous of Jake's old partner, who is an officer in the Nine-Eight.",English,United States,N/A,https://m.media-amazon.com/images/M/MV5BMjY4NmNkOTUtZDI3OC00YTRjLWFkYmQtYjFlNjVmZThkZDI3XkEyXkFqcGc@._V1_SX300.jpg,"[{'Source': 'Internet Movie Database', 'Value': '7.9/10'}]",N/A,7.9,3067,tt4371330,tt2467372,episode,True
House Mouses,2016,TV-14,16 Feb 2016,3,16,22 min,"Comedy, Crime",Claire Scanlon,"Dan Goor, Michael Schur, Andrew Guest","Andy Samberg, Stephanie Beatriz, Terry Crews","Trying to get called to a ""celebrity"" case, Jake tricks Hitchcock and Scully into taking a case that might be more dangerous than everyone thought. Amy, Rosa, and Gina take the day to conquer their worst fears",English,United States,N/A,https://m.media-amazon.com/images/M/MV5BNjE5MTc0MWQtOTFiYy00NWFkLTgyZmItZjljMWY3OTgzMGViXkEyXkFqcGc@._V1_SX300.jpg,"[{'Source': 'Internet Movie Database', 'Value': '7.7/10'}]",N/A,7.7,2975,tt4371332,tt2467372,episode,True
Adrian Pimento,2016,TV-14,23 Feb 2016,3,17,21 min,"Comedy, Crime",Maggie Carey,"Dan Goor, Michael Schur, Luke Del Tredici","Andy Samberg, Stephanie Beatriz, Terry Crews","The precinct gains a new detective who has just completed a 12-year undercover job with the mob, Charles' latest mess prompts the janitors to refuse to clean the precinct, and Gina directs a video for Holt.",English,United States,N/A,https://m.media-amazon.com/images/M/MV5BZjhmNTBkNjktNzU0MS00ZDY3LWFjNjgtMDU5ZWNkMzUwMmY0XkEyXkFqcGc@._V1_SX300.jpg,"[{'Source': 'Internet Movie Database', 'Value': '7.7/10'}]",N/A,7.7,3071,tt4371336,tt2467372,episode,True
Cheddar,2016,TV-14,01 Mar 2016,3,18,21 min,"Comedy, Crime",Alex Reid,"Dan Goor, Michael Schur, Jessica Polonsky","Andy Samberg, Stephanie Beatriz, Terry Crews","While Holt is en route to visit Kevin in Paris, Jake and Amy inadvertently lose his dog. Meanwhile, Charles has laser eye surgery, and the sexual tension between Rosa and Adrian Pimento disgusts Terry.",English,United States,N/A,https://m.media-amazon.com/images/M/MV5BMjUzZjM4M2EtMDBmYS00MTc0LWIzNjMtMGM1NGEyOTQ1NjAzXkEyXkFqcGc@._V1_SX300.jpg,"[{'Source': 'Internet Movie Database', 'Value': '7.7/10'}]",N/A,7.7,3268,tt4371334,tt2467372,episode,True
Terry Kitties,2016,TV-14,15 Mar 2016,3,19,22 min,"Comedy, Crime",Michael McDonald,"Dan Goor, Michael Schur, Phil Augusta Jackson","Andy Samberg, Stephanie Beatriz, Terry Crews","Terry enlists Jake's help in solving a twenty year old case which his old precinct never let him forget, Charles allows Adrian Pimento to stay at his place and soon regrets it, while Amy, Rosa and Holt attend a class together.",English,United States,N/A,https://m.media-amazon.com/images/M/MV5BNmZlYWEzYzgtYzhkNi00MzkwLWE3ODItY2FlZjU2NjBhZGJjXkEyXkFqcGdeQXVyMjg2MTMyNTM@._V1_SX300.jpg,"[{'Source': 'Internet Movie Database', 'Value': '7.6/10'}]",N/A,7.6,2877,tt4371338,tt2467372,episode,True
Paranoia,2016,TV-14,29 Mar 2016,3,20,21 min,"Comedy, Crime",Payman Benz,"Dan Goor, Michael Schur, Gabe Liedman","Andy Samberg, Stephanie Beatriz, Terry Crews","The precinct tries to set up perfect bachelor and bachelorette parties for Adrian and Rosa after they announce their engagement, but Adrian's party falls apart when he tells everyone that someone is stalking him and steals the par...",English,United States,N/A,https://m.media-amazon.com/images/M/MV5BMDlkMGI4YzUtOWUwZi00MmY0LTg5ZWYtOWEwNjFhMmVkNzhkXkEyXkFqcGdeQXVyNTI5NjIyMw@@._V1_SX300.jpg,"[{'Source': 'Internet Movie Database', 'Value': '8.1/10'}]",N/A,8.1,2940,tt4371342,tt2467372,episode,True
Maximum Security,2016,TV-14,05 Apr 2016,3,21,22 min,"Comedy, Crime",Victor Nelli Jr.,"Dan Goor, Michael Schur, Laura McCreary","Andy Samberg, Stephanie Beatriz, Terry Crews","With Adrian off the grid and in hiding, the rest of the squad scramble to track down the sister of Figgis, the mobster behind the operation, and throw a fake funeral to flush out Figgis' hit man.",English,United States,N/A,https://m.media-amazon.com/images/M/MV5BMGEwZmQ2MWItNzQwMS00MTljLWJlYjYtM2NkZDkzMGY2ZmE3XkEyXkFqcGdeQXVyMTI3Mzg3MzE1._V1_SX300.jpg,"[{'Source': 'Internet Movie Database', 'Value': '8.0/10'}]",N/A,8.0,2896,tt4371346,tt2467372,episode,True
Bureau,2016,TV-PG,12 Apr 2016,3,22,22 min,"Comedy, Crime",Ryan Case,"Dan Goor, Michael Schur, David Phillips","Andy Samberg, Stephanie Beatriz, Terry Crews","While Amy continues to work on Figgis' sister Maura on the inside, Jake, Rosa and Holt team up with Bob Annderson to track down the FBI mole. Meanwhile, Gina helps Terry work out the culprit behind a press leak.",English,United States,N/A,https://m.media-amazon.com/images/M/MV5BNWRkNjM0ZjEtYzU4My00ZjM2LWFlOWQtNmQ4OWZjOGJlM2IxXkEyXkFqcGdeQXVyMTI3Mzg3MzE1._V1_SX300.jpg,"[{'Source': 'Internet Movie Database', 'Value': '8.6/10'}]",N/A,8.6,3162,tt4371344,tt2467372,episode,True
Greg and Larry,2016,TV-PG,19 Apr 2016,3,23,22 min,"Comedy, Crime",Dan Goor,"Dan Goor, Michael Schur, Andrew Guest","Andy Samberg, Stephanie Beatriz, Terry Crews","After a surprising turn of events in the Nine-Nine's attempt to track down Adrian Pimento's hitman, the precinct drops everything when they suspect Holt is in danger.",English,United States,N/A,https://m.media-amazon.com/images/M/MV5BMjk0NDI0ZGQtMTFjYi00YTkxLTg1OGEtODdiZjkzODY2NDU1XkEyXkFqcGc@._V1_SX300.jpg,"[{'Source': 'Internet Movie Database', 'Value': '8.9/10'}]",N/A,8.9,3670,tt5586042,tt2467372,episode,True
"Coral Palms, Part 1",2016,TV-14,20 Sep 2016,4,1,22 min,"Comedy, Crime",Michael McDonald,"Dan Goor, Michael Schur, Phil Augusta Jackson","Andy Samberg, Stephanie Beatriz, Terry Crews","Jake and Holt adjust to their new lives in Florida under the Witness Protection Program while Jimmy ""The Butcher"" Figgis remains on the loose.",English,United States,N/A,https://m.media-amazon.com/images/M/MV5BMTUwODQ4MTQzN15BMl5BanBnXkFtZTgwMDAwNTMwMDI@._V1_SX300.jpg,"[{'Source': 'Internet Movie Database', 'Value': '8.1/10'}]",N/A,8.1,3371,tt5604132,tt2467372,episode,True
"Coral Palms, Part 2",2016,TV-14,27 Sep 2016,4,2,22 min,"Comedy, Crime",Trent O'Donnell,"Dan Goor, Michael Schur, Tricia McAlpin","Andy Samberg, Stephanie Beatriz, Terry Crews","Jake and Holt plan their attack on Jimmy ""The Butcher"" Figgis, only to end up on the other side of the interrogation table.",English,United States,N/A,https://m.media-amazon.com/images/M/MV5BMTU4NDMxMTE0MV5BMl5BanBnXkFtZTgwMjQxOTcwMDI@._V1_SX300.jpg,"[{'Source': 'Internet Movie Database', 'Value': '8.1/10'}]",N/A,8.1,3138,tt6013782,tt2467372,episode,True
"Coral Palms, Part 3",2016,TV-14,04 Oct 2016,4,3,21 min,"Comedy, Crime",Payman Benz,"Dan Goor, Michael Schur, Justin Noble","Andy Samberg, Stephanie Beatriz, Terry Crews","The team goes to Florida to help Jake and Holt take down Jimmy Figgis, but their plan falls through due to an unexpected injury and another interruption from Sheriff Reynolds.",English,United States,N/A,https://m.media-amazon.com/images/M/MV5BMjQ2NjAyNTA2OF5BMl5BanBnXkFtZTgwNjg5MTMyMDI@._V1_SX300.jpg,"[{'Source': 'Internet Movie Database', 'Value': '8.3/10'}]",N/A,8.3,3344,tt6068160,tt2467372,episode,True
The Night Shift,2016,TV-14,11 Oct 2016,4,4,22 min,"Comedy, Crime",Tristram Shapeero,"Dan Goor, Michael Schur, Matt Murray","Andy Samberg, Stephanie Beatriz, Terry Crews","Jake, on his first case back at the precinct, commandeers the vehicle of Jess Day, (from New Girl) who's visiting New York. In the meantime, Holt tries to increase office morale and Amy wants to know why Rosa is taking such long b...",English,United States,N/A,https://m.media-amazon.com/images/M/MV5BMTgxNTEzODgyMF5BMl5BanBnXkFtZTgwMzEzOTkyMDI@._V1_SX300.jpg,"[{'Source': 'Internet Movie Database', 'Value': '7.5/10'}]",N/A,7.5,2851,tt6043838,tt2467372,episode,True
Halloween IV,2016,TV-14,18 Oct 2016,4,5,21 min,"Comedy, Crime",Claire Scanlon,"Dan Goor, Michael Schur, Phil Augusta Jackson","Andy Samberg, Stephanie Beatriz, Terry Crews",The squad competes in the annual Halloween heist to win the title of Ultimate Detective Slash Genius.,English,United States,N/A,https://m.media-amazon.com/images/M/MV5BNTk0NDI1MTY5OF5BMl5BanBnXkFtZTgwODYzNTUzMDI@._V1_SX300.jpg,"[{'Source': 'Internet Movie Database', 'Value': '8.7/10'}]",N/A,8.7,3844,tt6108218,tt2467372,episode,True
Monster in the Closet,2016,TV-14,15 Nov 2016,4,6,21 min,"Comedy, Crime",Nisha Ganatra,"Dan Goor, Michael Schur, Andrew Guest","Andy Samberg, Stephanie Beatriz, Terry Crews",The Nine-Nine throws a wedding for Pimento and Rosa.,English,United States,N/A,https://m.media-amazon.com/images/M/MV5BMTY0OTM3NzI5NF5BMl5BanBnXkFtZTgwMTQ4NDI2MDI@._V1_SX300.jpg,"[{'Source': 'Internet Movie Database', 'Value': '7.8/10'}]",N/A,7.8,2965,tt6202730,tt2467372,episode,True
Mr. Santiago,2016,TV-14,22 Nov 2016,4,7,22 min,"Comedy, Crime",Alex Reid,"Dan Goor, Michael Schur, Neil Campbell","Andy Samberg, Stephanie Beatriz, Terry Crews","Amy's father, a former cop, comes to Thanksgiving dinner and Jake tries to impress him, leaving Charles on turkey duty. In the meantime, Holt helps Pimento come to terms with the fact that he can no longer be a police officer.",English,United States,N/A,https://m.media-amazon.com/images/M/MV5BOTA4ODIwNGEtY2VmNS00NDExLTgzMGYtYjNmMWQ5YmFkZWY4XkEyXkFqcGdeQXVyMjg2MTMyNTM@._V1_SX300.jpg,"[{'Source': 'Internet Movie Database', 'Value': '8.1/10'}]",N/A,8.1,2873,tt6213872,tt2467372,episode,True
Skyfire Cycle,2016,TV-14,29 Nov 2016,4,8,22 min,"Comedy, Crime",Michael McDonald,"Dan Goor, Michael Schur, David Phillips","Andy Samberg, Stephanie Beatriz, Terry Crews","Terry meets his lifelong hero, a famous author who's received death threats. In other events, Gina tries to choose the location of the Boyle family vacation and Amy sides with Kevin in his argument with Holt over a math puzzle.",English,United States,N/A,https://m.media-amazon.com/images/M/MV5BNTlhNWU2YzYtMzZiOS00OGU2LTk5YWYtNWJmYWI1NmNiNmFlXkEyXkFqcGdeQXVyNjAwODA4Mw@@._V1_SX300.jpg,"[{'Source': 'Internet Movie Database', 'Value': '7.6/10'}]",N/A,7.6,2915,tt6026160,tt2467372,episode,True
The Overmining,2016,TV-14,06 Dec 2016,4,9,22 min,"Comedy, Crime",Dean Holland,"Dan Goor, Michael Schur, Luke Del Tredici","Andy Samberg, Stephanie Beatriz, Terry Crews",Jake and Holt help Captain CJ with a big case.,English,United States,N/A,https://m.media-amazon.com/images/M/MV5BYWE3NmZmYTgtMDk0Zi00MWYxLTk1NjgtYzhhOTI3MDVhYTY2L2ltYWdlXkEyXkFqcGdeQXVyNjc5Mjg0NjU@._V1_SX300.jpg,"[{'Source': 'Internet Movie Database', 'Value': '7.9/10'}]",N/A,7.9,2843,tt6249330,tt2467372,episode,True
Captain Latvia,2016,TV-14,13 Dec 2016,4,10,21 min,"Comedy, Crime",Jaffar Mahmood,"Dan Goor, Michael Schur, Matt Lawton","Andy Samberg, Stephanie Beatriz, Terry Crews",Jake and Charles face off against a Latvian criminal ring when Jake helps Charles find his son's favorite toy for Christmas.,English,N/A,N/A,https://m.media-amazon.com/images/M/MV5BYTQyYzdlZjYtYmQ2YS00ZjZhLWI3M2YtYWNkN2M1MGViYjQxXkEyXkFqcGc@._V1_SX300.jpg,"[{'Source': 'Internet Movie Database', 'Value': '7.4/10'}]",N/A,7.4,2935,tt6249350,tt2467372,episode,True
"The Fugitive, Part 1",2017,TV-14,01 Jan 2017,4,11,60 min,"Comedy, Crime",Rebecca Asher,"Carol Kolb, Phil Augusta Jackson, Tricia McAlpin","Andy Samberg, Stephanie Beatriz, Terry Crews","When a prison van escape sets nine convicts loose in the city, Jake and Amy compete to see who can bring in the most fugitives.",English,United States,N/A,"https://m.media-amazon.com/images/M/MV5BZWMwMjdkMzQtMzg0YS00MTFjLTllNWItZTY5YmNkZDdkZmEwXkEyXkFqcGc@._V1_QL75_UY562_CR232,0,380,562_.jpg","[{'Source': 'Internet Movie Database', 'Value': '8.3/10'}]",N/A,8.3,3492,tt6214956,tt2467372,episode,True
"The Fugitive, Part 2",2017,N/A,01 Jan 2017,4,12,60 min,"Comedy, Crime",Ryan Case,"Dan Goor, Michael Schur, Justin Noble","Andy Samberg, Stephanie Beatriz, Terry Crews","The squad goes on a manhunt for a group of convicts who've escaped from a prison van on the streets of Brooklyn. When one fugitive is still loose, Jake gains a surprising ally.",English,United States,N/A,https://m.media-amazon.com/images/M/MV5BYzY2MDNiNjUtODllMC00MTU0LTk5NzItMWYyYzhmNjllYmYzXkEyXkFqcGdeQXVyNjE5Mjc4NDI@._V1_SX300.jpg,"[{'Source': 'Internet Movie Database', 'Value': '8.4/10'}]",N/A,8.4,2331,tt6875466,tt2467372,episode,True
The Audit,2017,TV-14,11 Apr 2017,4,13,22 min,"Comedy, Crime",Beth McCarthy-Miller,"Dan Goor, Michael Schur, Carly Hallam","Andy Samberg, Stephanie Beatriz, Terry Crews",The squad tries to save their precinct from getting shut down when it's being audited by Amy's ex-boyfriend Teddy.,English,United States,N/A,https://m.media-amazon.com/images/M/MV5BYjFiMDJmYzUtYTkwNC00Y2U0LTgwMTEtOWU3YjA4YWRkNWViXkEyXkFqcGdeQXVyNTg2MzM3NDI@._V1_SX300.jpg,"[{'Source': 'Internet Movie Database', 'Value': '7.6/10'}]",N/A,7.6,2571,tt6212338,tt2467372,episode,True
Serve & Protect,2017,TV-14,18 Apr 2017,4,14,22 min,"Comedy, Crime",Michael Schur,"Dan Goor, Michael Schur, Andrew Guest","Andy Samberg, Stephanie Beatriz, Terry Crews",Jake and Rosa investigate a case of burglary that occurred on the set of one of their favorite detective shows as Terry's ex takes over auditing the Nine-Nine.,English,United States,N/A,https://m.media-amazon.com/images/M/MV5BNWYzNjYyZjQtODU2NC00YTc2LTkzMGItZmVlN2FlYWM0NDc2XkEyXkFqcGc@._V1_SX300.jpg,"[{'Source': 'Internet Movie Database', 'Value': '7.7/10'}]",N/A,7.7,2847,tt6332596,tt2467372,episode,True
The Last Ride,2017,TV-14,25 Apr 2017,4,15,22 min,"Comedy, Crime",Linda Mendoza,"Dan Goor, Michael Schur, David Phillips","Andy Samberg, Stephanie Beatriz, Terry Crews",Jake and Charles search for a bike thief on what may be their last case together.,English,United States,N/A,https://m.media-amazon.com/images/M/MV5BNjY4OWE3YjktOWYyZi00Y2U5LTk0NjItMmFmNmEyNDZkNjdjXkEyXkFqcGdeQXVyNjc5Mjg0NjU@._V1_SX300.jpg,"[{'Source': 'Internet Movie Database', 'Value': '8.2/10'}]",N/A,8.2,2835,tt6463252,tt2467372,episode,True
Moo Moo,2017,TV-14,02 May 2017,4,16,21 min,"Comedy, Crime",Maggie Carey,"Dan Goor, Michael Schur, Phil Augusta Jackson","Andy Samberg, Stephanie Beatriz, Terry Crews",Terry and Holt have different ideas for dealing with a fellow police officer who creates trouble for Terry in his own neighborhood.,English,United States,N/A,https://m.media-amazon.com/images/M/MV5BN2E1Yjk2M2YtNjAyMC00N2ViLWIyYWItZDRhZmViNzNjZGQ3XkEyXkFqcGc@._V1_SX300.jpg,"[{'Source': 'Internet Movie Database', 'Value': '8.8/10'}]",N/A,8.8,5381,tt6693346,tt2467372,episode,True
Cop-Con,2017,TV-14,09 May 2017,4,17,21 min,"Comedy, Crime",Giovani Lampassi,"Dan Goor, Michael Schur, Andy Gosche","Andy Samberg, Stephanie Beatriz, Terry Crews",Holt tells the squad to be on their best behavior at Cop-Con.,English,United States,N/A,https://m.media-amazon.com/images/M/MV5BNDRjMTkzZjUtNWM3NC00OWRhLTlkZTAtNTcwNGJhMjBmMDIwXkEyXkFqcGc@._V1_SX300.jpg,"[{'Source': 'Internet Movie Database', 'Value': '8.2/10'}]",N/A,8.2,2858,tt6435196,tt2467372,episode,True
Chasing Amy,2017,TV-14,09 May 2017,4,18,21 min,"Comedy, Crime",Luke Del Tredici,"Dan Goor, Michael Schur, Matt Lawton","Andy Samberg, Stephanie Beatriz, Terry Crews",Amy disappears just before the Sergeant exam.,English,United States,N/A,https://m.media-amazon.com/images/M/MV5BMjQ0NDhlNDAtMWZmYy00NjI3LTllNjAtMDEwZWQ0NzMxMGM2XkEyXkFqcGc@._V1_SX300.jpg,"[{'Source': 'Internet Movie Database', 'Value': '7.9/10'}]",N/A,7.9,2824,tt6693362,tt2467372,episode,True
Your Honor,2017,TV-14,16 May 2017,4,19,21 min,"Comedy, Crime",N/A,N/A,N/A,Captain Holt's mother comes to the precinct for help when her house is robbed.,English,N/A,N/A,https://m.media-amazon.com/images/M/MV5BZTA0ZWU4N2EtNTk3ZS00ZmM1LWI1YjQtMWE2MjFjZTg4NWEyXkEyXkFqcGc@._V1_SX300.jpg,"[{'Source': 'Internet Movie Database', 'Value': '7.8/10'}]",N/A,7.8,2947,tt6693372,tt2467372,episode,True
The Slaughterhouse,2017,TV-14,16 May 2017,4,20,21 min,"Comedy, Crime",Victor Nelli Jr.,"Dan Goor, Michael Schur, Neil Campbell","Andy Samberg, Stephanie Beatriz, Terry Crews",Jake and Rosa attempt to earn their idol's respect.,English,N/A,N/A,https://m.media-amazon.com/images/M/MV5BZGJiMmM3NWYtY2UyMC00MTMzLWJlYWEtMGM5YWVmZmMzMzAyXkEyXkFqcGc@._V1_SX300.jpg,"[{'Source': 'Internet Movie Database', 'Value': '7.9/10'}]",N/A,7.9,2763,tt6693378,tt2467372,episode,True
The Bank Job,2017,TV-14,23 May 2017,4,21,21 min,"Comedy, Crime",Matthew Nodella,"Dan Goor, Michael Schur, Carol Kolb","Andy Samberg, Stephanie Beatriz, Terry Crews",Jake and Rosa learn there's more to Lieutenant Hawkins' team than meets the eye as they continue searching for bank robbers.,English,N/A,N/A,https://m.media-amazon.com/images/M/MV5BNmQ3ZDNiNWUtODI4MC00NDQ2LWJhYTktY2UxYzgxNTY5ZTJmXkEyXkFqcGdeQXVyMjg2MTMyNTM@._V1_SX300.jpg,"[{'Source': 'Internet Movie Database', 'Value': '8.4/10'}]",N/A,8.4,2847,tt6693388,tt2467372,episode,True
Crime & Punishment,2017,TV-14,23 May 2017,4,22,21 min,"Comedy, Crime",Dan Goor,"Dan Goor, Michael Schur, Justin Noble","Andy Samberg, Stephanie Beatriz, Terry Crews",Jake and Rosa are framed for a crime they didn't commit.,English,N/A,N/A,https://m.media-amazon.com/images/M/MV5BMGZmMzI3MzktOWE0Ni00MGU2LWE5OWItNDZiZTRmNGJlMzVjXkEyXkFqcGdeQXVyNjc5Mjg0NjU@._V1_SX300.jpg,"[{'Source': 'Internet Movie Database', 'Value': '8.5/10'}]",N/A,8.5,2992,tt6693394,tt2467372,episode,True
The Big House Pt. 1,2017,TV-14,26 Sep 2017,5,1,21 min,"Comedy, Crime",Tristram Shapeero,"Dan Goor, Michael Schur, Luke Del Tredici","Andy Samberg, Stephanie Beatriz, Terry Crews",Jake and Rosa each adjust differently to life in prison.,English,United States,N/A,https://m.media-amazon.com/images/M/MV5BODU1NmQ5NWMtYzg0ZC00YmU3LWJkNWEtOTRkOTFiODM0MDBjXkEyXkFqcGdeQXVyMjA4MDAzNTg@._V1_SX300.jpg,"[{'Source': 'Internet Movie Database', 'Value': '8.4/10'}]",N/A,8.4,3123,tt6882958,tt2467372,episode,True
The Big House Pt. 2,2017,TV-14,03 Oct 2017,5,2,22 min,"Comedy, Crime",Michael McDonald,"Dan Goor, Michael Schur, Justin Noble","Andy Samberg, Stephanie Beatriz, Terry Crews","Jake is torn between the warden and Romero, while a local mobster claims he can prove that Hawkins is guilty.",English,United States,N/A,https://m.media-amazon.com/images/M/MV5BNGIzNzdkN2YtZTZlYS00ZWJhLWI1OTQtYmEwZjRlOTg0ZjY3XkEyXkFqcGdeQXVyMjA4MDAzNTg@._V1_SX300.jpg,"[{'Source': 'Internet Movie Database', 'Value': '8.3/10'}]",N/A,8.3,2986,tt7207820,tt2467372,episode,True
Kicks,2017,TV-14,10 Oct 2017,5,3,22 min,"Comedy, Crime",Eric Appel,"Dan Goor, Michael Schur, Andrew Guest","Andy Samberg, Stephanie Beatriz, Terry Crews",Jake must pass an official evaluation performed by Holt in order to solve a real case.,English,United States,N/A,https://m.media-amazon.com/images/M/MV5BZmUwYmMzZWYtNTgyYy00Yzg1LWI2NDEtNmNhYmIwYWM5Yzk0XkEyXkFqcGdeQXVyNjc5Mjg0NjU@._V1_SX300.jpg,"[{'Source': 'Internet Movie Database', 'Value': '7.9/10'}]",N/A,7.9,2706,tt7233024,tt2467372,episode,True
HalloVeen,2017,TV-14,17 Oct 2017,5,4,21 min,"Comedy, Crime",Jamie Babbit,"Dan Goor, Michael Schur, Carly Hallam","Andy Samberg, Stephanie Beatriz, Terry Crews","The Nine-Nine has their fifth annual Halloween heist, and everyone has until midnight to claim the title of ""Amazing Human/Genius"".",English,United States,N/A,https://m.media-amazon.com/images/M/MV5BM2Q2ZmJlMjUtYjJmOC00OWVmLWEzNzItNjZkMDM0ZTBjM2ViXkEyXkFqcGc@._V1_SX300.jpg,"[{'Source': 'Internet Movie Database', 'Value': '9.4/10'}]",N/A,9.4,6077,tt7233026,tt2467372,episode,True
Bad Beat,2017,TV-14,07 Nov 2017,5,5,21 min,"Comedy, Crime",Kat Coiro,"Dan Goor, Michael Schur, Carol Kolb","Andy Samberg, Stephanie Beatriz, Terry Crews","Jake, Terry and Holt go undercover at an illegal gambling club to track down an arms dealer.",English,United States,N/A,https://m.media-amazon.com/images/M/MV5BMzUzZGVlYjMtZGM1Ny00ZjcwLWJjMTYtYWZlMjk4NmM3ZWE4XkEyXkFqcGc@._V1_SX300.jpg,"[{'Source': 'Internet Movie Database', 'Value': '7.8/10'}]",N/A,7.8,2840,tt7354124,tt2467372,episode,True
The Venue,2017,TV-14,14 Nov 2017,5,6,21 min,"Comedy, Crime",Cortney Carrillo,"Dan Goor, Michael Schur, Matt Lawton","Andy Samberg, Stephanie Beatriz, Terry Crews",The Vulture returns and threatens to take away something important from Jake and Amy.,English,United States,N/A,https://m.media-amazon.com/images/M/MV5BZDU5NWRhNDUtMjRkMy00MGMxLWFiZTgtZTc1YjFhZGMwYWNlXkEyXkFqcGc@._V1_SX300.jpg,"[{'Source': 'Internet Movie Database', 'Value': '7.6/10'}]",N/A,7.6,2818,tt7354130,tt2467372,episode,True
Two Turkeys,2017,TV-14,21 Nov 2017,5,7,21 min,"Comedy, Crime",Alex Reid,"Dan Goor, Michael Schur, Carly Hallam","Andy Samberg, Stephanie Beatriz, Terry Crews",Jake and Amy bring their parents together for Thanksgiving.,English,United States,N/A,https://m.media-amazon.com/images/M/MV5BNmFlODAxNzItNDc2MS00YWIxLWEyMjItNzRjOTUwZGUxMTNmXkEyXkFqcGc@._V1_SX300.jpg,"[{'Source': 'Internet Movie Database', 'Value': '8.0/10'}]",N/A,8.0,3063,tt7604970,tt2467372,episode,True
Return to Skyfire,2017,TV-14,28 Nov 2017,5,8,21 min,"Comedy, Crime",Linda Mendoza,"Dan Goor, Michael Schur, Carly Hallam","Andy Samberg, Stephanie Beatriz, Terry Crews","When DC Parlov returns to the precinct to report his latest manuscript being stolen, Terry, Jake and Rosa go undercover at a fantasy convention to catch the culprit.",English,United States,N/A,https://m.media-amazon.com/images/M/MV5BZTNhOGE5OGEtOTRmMS00YzAyLWI1MjItMTBkMTAwNGVkZmRkXkEyXkFqcGc@._V1_SX300.jpg,"[{'Source': 'Internet Movie Database', 'Value': '7.4/10'}]",N/A,7.4,2782,tt7407100,tt2467372,episode,True
99,2017,TV-14,05 Dec 2017,5,9,21 min,"Comedy, Crime",Payman Benz,"Dan Goor, Michael Schur, Carly Hallam","Andy Samberg, Stephanie Beatriz, Terry Crews","After missing their flight home from a funeral in LA, Jake and the squad scramble to get Holt back to New York in time for a big interview.",English,United States,N/A,https://m.media-amazon.com/images/M/MV5BOThjOWZhM2MtNzgwZS00ZDcxLTg5M2EtNWFhN2Y5ODk5NDUxXkEyXkFqcGc@._V1_SX300.jpg,"[{'Source': 'Internet Movie Database', 'Value': '8.7/10'}]",N/A,8.7,3562,tt7469976,tt2467372,episode,True
Game Night,2017,TV-14,12 Dec 2017,5,10,21 min,"Comedy, Crime",Tristram Shapeero,"Dan Goor, Michael Schur, Justin Noble","Andy Samberg, Stephanie Beatriz, Terry Crews",Jake helps Rosa break big news to her parents.,English,United States,N/A,https://m.media-amazon.com/images/M/MV5BZWFiOWI4OGYtMjRmYS00ZjVkLWIzMWEtYmE0YTA1NzhmODM1XkEyXkFqcGdeQXVyODMzODE3MjI@._V1_SX300.jpg,"[{'Source': 'Internet Movie Database', 'Value': '8.4/10'}]",N/A,8.4,3554,tt7577024,tt2467372,episode,True
The Favor,2017,TV-14,12 Dec 2017,5,11,21 min,"Comedy, Crime",Victor Nelli Jr.,"Dan Goor, Michael Schur, Aeysha Carr","Andy Samberg, Stephanie Beatriz, Terry Crews","Holt owes Seamus Murphy a favor, so the precinct searches for a loophole that will allow the captain to keep his end of the bargain without breaking the law.",English,United States,N/A,https://m.media-amazon.com/images/M/MV5BMzAyZDlkMTQtOGJhMC00MzBiLWIxZTUtZGE4ZDQ1MDBlOWYwXkEyXkFqcGc@._V1_SX300.jpg,"[{'Source': 'Internet Movie Database', 'Value': '7.9/10'}]",N/A,7.9,2769,tt7664804,tt2467372,episode,True
Safe House,2018,TV-14,18 Mar 2018,5,12,21 min,"Comedy, Crime",Nisha Ganatra,"Dan Goor, Michael Schur, Andy Gosche","Andy Samberg, Stephanie Beatriz, Terry Crews","After a threat from Murphy, Holt stashes his husband, Kevin, in a safe house with Jake. Rosa goes undercover at a salon. Scully reveals an actual skill.",English,United States,N/A,https://m.media-amazon.com/images/M/MV5BMzMzZjc1ZTctZWQ0Ni00YjU5LWFkYzctOTY2MDBmMjJlYWMxXkEyXkFqcGc@._V1_SX300.jpg,"[{'Source': 'Internet Movie Database', 'Value': '8.6/10'}]",N/A,8.6,3265,tt7742658,tt2467372,episode,True
The Negotiation,2018,TV-14,25 Mar 2018,5,13,21 min,"Comedy, Crime",Linda Mendoza,"Dan Goor, Michael Schur, Phil Augusta Jackson","Andy Samberg, Stephanie Beatriz, Terry Crews",Jake runs into a familiar face when he's called in to negotiate a hostage situation with a jewel thief.,English,United States,N/A,https://m.media-amazon.com/images/M/MV5BMjAzY2Y1YWQtNGM5Zi00MjFhLWE0MTktOWJiNjQ2ZTY5Y2JhXkEyXkFqcGc@._V1_SX300.jpg,"[{'Source': 'Internet Movie Database', 'Value': '8.2/10'}]",N/A,8.2,3022,tt7667104,tt2467372,episode,True
The Box,2018,TV-14,01 Apr 2018,5,14,21 min,"Comedy, Crime",Claire Scanlon,"Dan Goor, Michael Schur, Luke Del Tredici","Andy Samberg, Stephanie Beatriz, Terry Crews",Jake and Holt spend all night trying to get a confession out of a suspect.,English,United States,N/A,https://m.media-amazon.com/images/M/MV5BZWRlYzkwZmItYWFkOS00YTA3LTk5ZWItZjZmOTdmMTEwZTQ1XkEyXkFqcGc@._V1_SX300.jpg,"[{'Source': 'Internet Movie Database', 'Value': '9.5/10'}]",N/A,9.5,8740,tt8089526,tt2467372,episode,True
The Puzzle Master,2018,TV-14,08 Apr 2018,5,15,21 min,"Comedy, Crime",Akiva Schaffer,"Dan Goor, Michael Schur, Lang Fisher","Andy Samberg, Stephanie Beatriz, Terry Crews",Jake and Amy investigate a series of arsons connected to Amy's favorite crossword puzzle author.,English,United States,N/A,https://m.media-amazon.com/images/M/MV5BNDhlODNiZmMtODdlMC00ZGYwLWJjNDAtNDQ0MzlhN2VhNzY2XkEyXkFqcGc@._V1_SX300.jpg,"[{'Source': 'Internet Movie Database', 'Value': '7.6/10'}]",N/A,7.6,2919,tt7802280,tt2467372,episode,True
NutriBoom,2018,TV-14,15 Apr 2018,5,16,21 min,"Comedy, Crime",Trent O'Donnell,"Dan Goor, Michael Schur, David Phillips","Andy Samberg, Stephanie Beatriz, Terry Crews",Jake and Charles get suckered into a pyramid scheme.,English,United States,N/A,https://m.media-amazon.com/images/M/MV5BZGE3MGUzMDEtNmI4OS00NDA0LThhZjYtM2U4ODA0MWEyZDk1XkEyXkFqcGdeQXVyODY4Njc0ODk@._V1_SX300.jpg,"[{'Source': 'Internet Movie Database', 'Value': '7.7/10'}]",N/A,7.7,2682,tt7820722,tt2467372,episode,True
DFW,2018,TV-14,15 Apr 2018,5,17,21 min,"Comedy, Crime",Jaffar Mahmood,"Dan Goor, Michael Schur, Jeff Topolski","Andy Samberg, Stephanie Beatriz, Terry Crews",Jake meets his half-sister and she invites herself to stay.,English,United States,N/A,https://m.media-amazon.com/images/M/MV5BMjZjY2M1NDktNzljOC00OTVmLTgzZWMtNDliYjkyZWMyYWEzXkEyXkFqcGc@._V1_SX300.jpg,"[{'Source': 'Internet Movie Database', 'Value': '7.7/10'}]",N/A,7.7,2977,tt8089530,tt2467372,episode,True
Gray Star Mutual,2018,TV-14,22 Apr 2018,5,18,21 min,"Comedy, Crime",Giovani Lampassi,"Dan Goor, Michael Schur, Jessica Polonsky","Andy Samberg, Stephanie Beatriz, Terry Crews",Pimento shows up as the insurance agent when a fire destroys Charles' food truck.,English,United States,N/A,https://m.media-amazon.com/images/M/MV5BYWIwOWI2NGQtMzMyYi00OTRlLTg0OGQtNTM3YmZkYmMyOWQ0XkEyXkFqcGdeQXVyODY4Njc0ODk@._V1_SX300.jpg,"[{'Source': 'Internet Movie Database', 'Value': '7.8/10'}]",N/A,7.8,2640,tt7927932,tt2467372,episode,True
Bachelor/ette Party,2018,TV-14,29 Apr 2018,5,19,21 min,"Comedy, Crime",Beth McCarthy-Miller,"Dan Goor, Michael Schur, Carly Hallam","Andy Samberg, Stephanie Beatriz, Terry Crews",Charles plans a scavenger hunt for Jake's bachelor party; Amy's bachelorette party escalates when it's discovered she once slept with a member of her soon-to-be wedding band.,English,United States,N/A,https://m.media-amazon.com/images/M/MV5BYTBiNTRhNmMtODM4My00NjRiLWJiYWEtZGJiMzYwMThmZDVmXkEyXkFqcGdeQXVyODY4Njc0ODk@._V1_SX300.jpg,"[{'Source': 'Internet Movie Database', 'Value': '8.3/10'}]",N/A,8.3,2616,tt7953904,tt2467372,episode,True
Show Me Going,2018,TV-14,06 May 2018,5,20,21 min,"Comedy, Crime",Maggie Carey,"Dan Goor, Michael Schur, Phil Augusta Jackson","Andy Samberg, Stephanie Beatriz, Terry Crews",The Nine-Nine fears for Rosa's safety when she responds to an active shooter alert.,English,United States,N/A,https://m.media-amazon.com/images/M/MV5BYjEwMWYwOWYtODk3Yy00YmYwLTg2ZDYtMmQxYWUzYTFiZDcwXkEyXkFqcGdeQXVyODY4Njc0ODk@._V1_SX300.jpg,"[{'Source': 'Internet Movie Database', 'Value': '8.2/10'}]",N/A,8.2,2829,tt8037630,tt2467372,episode,True
White Whale,2018,TV-14,13 May 2018,5,21,21 min,"Comedy, Crime",Matthew Nodella,"Dan Goor, Michael Schur, Matt Lawton","Andy Samberg, Stephanie Beatriz, Terry Crews",Rosa and Amy track down a killer who's managed to elude them for seven years; Terry helps Jake with his wedding chores; Holt and his rival try to convince each other to resign from the campaign for Commissioner.,English,United States,N/A,https://m.media-amazon.com/images/M/MV5BNGFkMzYwNzktZmQ1NC00ZDM4LTg1OTItMTBlMTE5MDRjOTdkXkEyXkFqcGc@._V1_SX300.jpg,"[{'Source': 'Internet Movie Database', 'Value': '7.8/10'}]",N/A,7.8,2674,tt8090934,tt2467372,episode,True
Jake & Amy,2018,TV-14,20 May 2018,5,22,21 min,"Comedy, Crime",Dan Goor,"Dan Goor, Michael Schur, Luke Del Tredici","Andy Samberg, Stephanie Beatriz, Terry Crews",The squad rushes to save Jake and Amy's wedding day from a major threat.,English,United States,N/A,https://m.media-amazon.com/images/M/MV5BODRjYmEzMjQtZDNhNy00MTVjLTlkNGYtMWQ2Y2E5YjBlMTYzXkEyXkFqcGc@._V1_SX300.jpg,"[{'Source': 'Internet Movie Database', 'Value': '9.1/10'}]",N/A,9.1,4229,tt8090936,tt2467372,episode,True
Honeymoon,2019,TV-14,10 Jan 2019,6,1,21 min,"Comedy, Crime",Giovani Lampassi,"Dan Goor, Michael Schur, Neil Campbell","Andy Samberg, Stephanie Beatriz, Terry Crews","An unexpected third wheel puts a damper on Jake and Amy's tropical honeymoon. Back at the Nine-Nine, Terry experiences a crisis of confidence.",English,N/A,N/A,https://m.media-amazon.com/images/M/MV5BZGExNmM2OWItN2Y1MC00YWRlLTljNzktZDk4YTE1YmUzODQ1XkEyXkFqcGc@._V1_SX300.jpg,[],N/A,N/A,3788,tt8405928,tt2467372,episode,True
Hitchcock & Scully,2019,TV-14,17 Jan 2019,6,2,21 min,"Comedy, Crime",Cortney Carrillo,"Dan Goor, Michael Schur, Lang Fisher","Andy Samberg, Stephanie Beatriz, Terry Crews","Jake and Charles investigate a case of Hitchcock and Scully's from the 1980s; meanwhile, Amy's uniformed officers and Terry's detectives fight over limited resources.",English,N/A,N/A,https://m.media-amazon.com/images/M/MV5BYmUyZGQ2N2EtMjY2Yi00ZjIyLWFlYzEtZjI5MjA3ZmIzYzFkXkEyXkFqcGc@._V1_SX300.jpg,"[{'Source': 'Internet Movie Database', 'Value': '8.7/10'}]",N/A,8.7,3967,tt8408770,tt2467372,episode,True
The Tattler,2019,TV-14,24 Jan 2019,6,3,22 min,"Comedy, Crime",Jennifer Arnold,"Dan Goor, Michael Schur, David Phillips","Andy Samberg, Stephanie Beatriz, Terry Crews","Jake and Gina attend their 20th high school reunion. Back at the Nine-Nine, Charles helps Rosa with her love life.",English,N/A,N/A,https://m.media-amazon.com/images/M/MV5BMjRmOTJmOWQtYmVhNS00MGZjLTk2MjYtYzNmNGYzM2Q2ZjFiXkEyXkFqcGc@._V1_SX300.jpg,[],N/A,N/A,2986,tt8408772,tt2467372,episode,True
Four Movements,2019,TV-14,31 Jan 2019,6,4,21 min,"Comedy, Crime",Luke Del Tredici,"Dan Goor, Michael Schur, Phil Augusta Jackson","Andy Samberg, Stephanie Beatriz, Terry Crews",Gina plays a high-stakes game of chess with Capt. Holt; Rosa and Amy take Gina out for a fancy brunch; Jake and Gina must use their wits to infiltrate a posh club.,English,N/A,N/A,https://m.media-amazon.com/images/M/MV5BOTUyNzJiZDktZjcwZS00Y2U1LWEwMmYtN2IyZTg5NmFlMjllXkEyXkFqcGc@._V1_SX300.jpg,"[{'Source': 'Internet Movie Database', 'Value': '7.3/10'}]",N/A,7.3,3214,tt8408776,tt2467372,episode,True
A Tale of Two Bandits,2019,TV-14,07 Feb 2019,6,5,21 min,"Comedy, Crime",Cortney Carrillo,"Dan Goor, Michael Schur, Luke Del Tredici","Andy Samberg, Stephanie Beatriz, Terry Crews","Terry believes the Pontiac Bandit has gone back to stealing cars, but Jake tries to prove him wrong; the rest of the squad fight to keep Shaw's a police bar when some firemen stake a claim to it.",English,N/A,N/A,https://m.media-amazon.com/images/M/MV5BMDUwNWZhY2QtN2IwNS00MzE4LWI3NTUtYmMxYjE3ZTUzOGU3XkEyXkFqcGc@._V1_SX300.jpg,"[{'Source': 'Internet Movie Database', 'Value': '8.0/10'}]",N/A,8.0,3085,tt8408778,tt2467372,episode,True
The Crime Scene,2019,TV-14,14 Feb 2019,6,6,21 min,"Comedy, Crime",Michael McDonald,"Marcy Jarreau, Justin Noble, Vanessa Ramos","Andy Samberg, Stephanie Beatriz, Terry Crews",Jake and Rosa must deal with a mother in mourning when they work on a difficult murder case with confusing evidence.,English,United States,N/A,https://m.media-amazon.com/images/M/MV5BYmVkOGVkYjUtNWQ4Yi00YTk1LWE4NTMtNDQ0ZTQ0YTVhNzlhXkEyXkFqcGc@._V1_SX300.jpg,"[{'Source': 'Internet Movie Database', 'Value': '8.4/10'}]",N/A,8.4,3693,tt8408780,tt2467372,episode,True
The Honeypot,2019,TV-14,21 Feb 2019,6,7,21 min,"Comedy, Crime",Phil Augusta Jackson,"Dan Goor, Michael Schur, Carol Kolb","Andy Samberg, Stephanie Beatriz, Terry Crews","Jake and Holt clash over the merits of a new hire in the 99th precinct. Terry, Amy, Rosa and Charles try to do something about the cluttered bullpen.",English,N/A,N/A,https://m.media-amazon.com/images/M/MV5BZjBiOTI3NWItMjNhZC00ZGVjLTk1Y2EtOWY0OTliNGE3NTJlXkEyXkFqcGc@._V1_SX300.jpg,"[{'Source': 'Internet Movie Database', 'Value': '8.3/10'}]",N/A,8.3,3120,tt8408782,tt2467372,episode,True
"He Said, She Said",2019,TV-14,28 Feb 2019,6,8,21 min,"Comedy, Crime",Stephanie Beatriz,"Dan Goor, Michael Schur, Lang Fisher","Andy Samberg, Stephanie Beatriz, Terry Crews","Jake and Amy investigate a difficult ""he said, she said"" case of sexual assault. Holt becomes suspicious after learning his lifelong arch nemesis died in a prison transport accident.",English,N/A,N/A,https://m.media-amazon.com/images/M/MV5BNDEzMGE5OTktMDE4MS00YmFiLWIwNDMtZTRhODBmNzIyMWJjXkEyXkFqcGc@._V1_SX300.jpg,"[{'Source': 'Internet Movie Database', 'Value': '7.1/10'}]",N/A,7.1,4947,tt8408788,tt2467372,episode,True
The Golden Child,2019,TV-14,07 Mar 2019,6,9,21 min,"Comedy, Crime",Claire Scanlon,"Dan Goor, Michael Schur, Neil Campbell","Andy Samberg, Stephanie Beatriz, Terry Crews","Jake helps Amy navigate the complicated relationship she has with her brother, David. Charles introduces some drama into an undercover mission involving Terry and Holt.",English,N/A,N/A,https://m.media-amazon.com/images/M/MV5BNzIxODlmYTAtOTA2Ni00YzlmLWIwMmUtMWU2NGMyZmY0OWQ4XkEyXkFqcGdeQXVyOTgwNDA1MzE@._V1_SX300.jpg,"[{'Source': 'Internet Movie Database', 'Value': '8.0/10'}]",N/A,8.0,2751,tt8408786,tt2467372,episode,True
Gintars,2019,TV-14,14 Mar 2019,6,10,21 min,"Comedy, Crime",Linda Mendoza,"Dan Goor, Michael Schur, Andy Gosche","Andy Samberg, Stephanie Beatriz, Terry Crews",A visitor from Latvia causes Charles and Jake to investigate Nikolaj's family. Holt and Amy bring in famed forensic scientist Dr. Yee to help close a case for Rosa.,English,N/A,N/A,https://m.media-amazon.com/images/M/MV5BYWExZGZkNmMtMTFlOS00MTc5LWI4NzYtMjhmYjU5OWZjNTY1XkEyXkFqcGc@._V1_SX300.jpg,"[{'Source': 'Internet Movie Database', 'Value': '7.3/10'}]",N/A,7.3,2768,tt8408784,tt2467372,episode,True
The Therapist,2019,TV-14,21 Mar 2019,6,11,21 min,"Comedy, Crime",Rebecca Addelman,"Dan Goor, Michael Schur, Vanessa Ramos","Andy Samberg, Stephanie Beatriz, Terry Crews",Charles gets Jake involved in a case where a therapist reports one of his patients missing; Holt learns that Rosa has a new girlfriend whom everyone else has met; Amy thinks she mistakenly received a package for Terry.,English,N/A,N/A,https://m.media-amazon.com/images/M/MV5BMzBiMjM4ZWUtZDY5OC00YWMwLTllZWQtNTYyMzc5NWFiZjQwXkEyXkFqcGdeQXVyNDg4NjY5OTQ@._V1_SX300.jpg,"[{'Source': 'Internet Movie Database', 'Value': '7.9/10'}]",N/A,7.9,2803,tt8408790,tt2467372,episode,True
Casecation,2019,TV-14,11 Apr 2019,6,12,21 min,"Comedy, Crime",Beth McCarthy-Miller,"Dan Goor, Michael Schur, Luke Del Tredici","Andy Samberg, Stephanie Beatriz, Terry Crews",Work is so busy for Jake and Amy that they end up celebrating their anniversary while standing guard over a comatose patient in the hospital.,English,N/A,N/A,https://m.media-amazon.com/images/M/MV5BNGJmNzBjMWEtYTk3Ny00ZjdmLWIwZjUtOGY5MDYxMTg1NzM3XkEyXkFqcGc@._V1_SX300.jpg,"[{'Source': 'Internet Movie Database', 'Value': '7.5/10'}]",N/A,7.5,3104,tt8408792,tt2467372,episode,True
The Bimbo,2019,TV-14,18 Apr 2019,6,13,21 min,"Comedy, Crime",Joe Lo Truglio,"Dan Goor, Michael Schur, Madeline Walter","Andy Samberg, Stephanie Beatriz, Terry Crews","Holt and Jake investigate a case at Kevin's university. Back at the precinct, Terry and Amy take the squad out for lunch.",English,N/A,N/A,https://m.media-amazon.com/images/M/MV5BM2FhN2MwMTgtMDE5YS00NDhlLTkwOTYtYjJlZWQ5ZTg1NjdhXkEyXkFqcGc@._V1_SX300.jpg,"[{'Source': 'Internet Movie Database', 'Value': '7.8/10'}]",N/A,7.8,2687,tt8408796,tt2467372,episode,True
Ticking Clocks,2019,TV-14,25 Apr 2019,6,14,20 min,"Comedy, Crime",Payman Benz,"Marcy Jarreau, Carol Kolb, Vanessa Ramos","Andy Samberg, Stephanie Beatriz, Terry Crews",Jake and the squad must track down a hacker who has infiltrated the Nine-Nine's servers; Rosa deals with relationship issues; Hitchcock and Scully attempt to cook the perfect lasagna.,English,N/A,N/A,https://m.media-amazon.com/images/M/MV5BNGZmY2JkMmItZGY2NC00NWRmLTg3YTEtOGJkZDkyMDhjMmM2XkEyXkFqcGc@._V1_SX300.jpg,"[{'Source': 'Internet Movie Database', 'Value': '8.2/10'}]",N/A,8.2,3261,tt9093030,tt2467372,episode,True
Return of the King,2019,TV-14,02 May 2019,6,15,21 min,"Comedy, Crime",Melissa Fumero,"Dan Goor, Michael Schur, Vanessa Ramos","Andy Samberg, Stephanie Beatriz, Terry Crews","When Gina returns to the Nine-Nine, Jake and Terry get drawn into her life. Holt learns that Charles' son, Nikolaj, may be a genius; Rosa copes with an injury.",English,N/A,N/A,https://m.media-amazon.com/images/M/MV5BN2IyMTk5M2MtMWJjOS00Yzk4LTk4NTUtNzRkZmJkZThkZjBjXkEyXkFqcGdeQXVyMjg2MTMyNTM@._V1_SX300.jpg,"[{'Source': 'Internet Movie Database', 'Value': '6.4/10'}]",N/A,6.4,3092,tt9093026,tt2467372,episode,True
Cinco de Mayo,2019,TV-PG,09 May 2019,6,16,21 min,"Comedy, Crime",Rebecca Asher,"Dan Goor, Michael Schur, David Phillips","Andy Samberg, Stephanie Beatriz, Terry Crews","In order to distract Terry from the stress of his upcoming lieutenant's exam, Jake, Holt and the squad decide to hold the annual Halloween Heist on a new date, Cinco de Mayo.",English,N/A,N/A,https://m.media-amazon.com/images/M/MV5BY2MxNjRlYTMtN2Q5Ny00NjZkLTliNjktOWMyM2E0YzNjNjdjXkEyXkFqcGc@._V1_SX300.jpg,"[{'Source': 'Internet Movie Database', 'Value': '9.0/10'}]",N/A,9.0,3874,tt9093032,tt2467372,episode,True
Sicko,2019,TV-14,16 May 2019,6,17,21 min,"Comedy, Crime",Matthew Nodella,"Dan Goor, Michael Schur, Van Robichaux","Andy Samberg, Stephanie Beatriz, Terry Crews","Jake and Charles investigate a dangerous serial killer. Holt continues to spar with his rival, Commissioner Kelly. Terry tries to find a way to stay at the Nine-Nine.",English,N/A,N/A,https://m.media-amazon.com/images/M/MV5BMjdlYTA3MDYtMGQ2Ny00YzQ4LWIxMmQtYTJjYTM5ZmVmMjllXkEyXkFqcGc@._V1_SX300.jpg,[],N/A,N/A,2721,tt9093036,tt2467372,episode,True
Suicide Squad,2019,TV-14,16 May 2019,6,18,21 min,"Comedy, Crime",Dan Goor,"Dan Goor, Michael Schur, Luke Del Tredici","Andy Samberg, Stephanie Beatriz, Terry Crews","Desperate circumstances call for desperate measures, as Jake, Holt, Amy, Terry, Rosa and Charles must ally themselves with old enemies.",English,N/A,N/A,https://m.media-amazon.com/images/M/MV5BMmNjMGJiZDItYzFhMi00NDMyLWIyYjgtYTY3ZGUxMDExZWM4XkEyXkFqcGc@._V1_SX300.jpg,[],N/A,N/A,3573,tt9093042,tt2467372,episode,True
Manhunter,2020,TV-14,06 Feb 2020,7,1,21 min,"Comedy, Crime",N/A,N/A,N/A,Jake leads a manhunt after an assassination attempt on a city councilor; Holt adjusts to his new position as a uniformed officer.,English,N/A,N/A,https://m.media-amazon.com/images/M/MV5BOWY1ZGQwM2QtMTQzNi00MDgyLTk2M2QtZDQ5ZDE5ODBkYzliXkEyXkFqcGc@._V1_SX300.jpg,"[{'Source': 'Internet Movie Database', 'Value': '7.9/10'}]",N/A,7.9,3226,tt9856410,tt2467372,episode,True
Captain Kim,2020,TV-14,06 Feb 2020,7,2,21 min,"Comedy, Crime",Luke Del Tredici,"Dan Goor, Michael Schur, Carol Kolb","Andy Samberg, Stephanie Beatriz, Terry Crews",The new captain of the Nine-Nine invites the squad over to her house for a dinner party.,English,N/A,N/A,https://m.media-amazon.com/images/M/MV5BOTIyNWQ0YWEtMTczZS00Njg0LTk1NTMtYzQzZTA2YjM0NTRlXkEyXkFqcGc@._V1_SX300.jpg,"[{'Source': 'Internet Movie Database', 'Value': '8.1/10'}]",N/A,8.1,2889,tt10322282,tt2467372,episode,True
Pimemento,2020,TV-14,13 Feb 2020,7,3,21 min,"Comedy, Crime",Michael McDonald,"Dan Goor, Michael Schur, Justin Noble","Andy Samberg, Stephanie Beatriz, Terry Crews",Adrian Pimento shows up unexpectedly to seek Jake and Charles' help after claiming someone is trying to kill him; the rest of the squad endures a workplace conflict seminar.,English,N/A,N/A,https://m.media-amazon.com/images/M/MV5BMjMwNjFkMmUtZTA3Mi00MmJmLTk5ZDctOTY2ZTEyZjkxZmIyXkEyXkFqcGdeQXVyNDQ0MTYzMDA@._V1_SX300.jpg,"[{'Source': 'Internet Movie Database', 'Value': '8.5/10'}]",N/A,8.5,2873,tt10322284,tt2467372,episode,True
The Jimmy Jab Games II,2020,TV-14,20 Feb 2020,7,4,21 min,"Comedy, Crime",Neil Campbell,"Dan Goor, Michael Schur, Vanessa Ramos","Andy Samberg, Stephanie Beatriz, Terry Crews",Competitive juices are flowing as Jake and the squad compete in the second Jimmy Jab Games.,English,N/A,N/A,https://m.media-amazon.com/images/M/MV5BNWY2NmUxNjMtMDc2YS00NjIwLThjZjYtYWUxZTE3ZTkzNGMxXkEyXkFqcGc@._V1_SX300.jpg,"[{'Source': 'Internet Movie Database', 'Value': '7.8/10'}]",N/A,7.8,2743,tt10322290,tt2467372,episode,True
Debbie,2020,TV-14,27 Feb 2020,7,5,21 min,"Comedy, Crime",Claire Scanlon,"Dan Goor, Michael Schur, Marcy Jarreau","Andy Samberg, Stephanie Beatriz, Terry Crews","When cocaine and weapons are stolen from the evidence lock-up, the squad must investigate the Nine-Nine itself.",English,N/A,N/A,https://m.media-amazon.com/images/M/MV5BZDg5OTZhNjMtMDNjMi00OWQwLTk4ZWMtNjAxY2NkZTgxNWE2XkEyXkFqcGc@._V1_SX300.jpg,"[{'Source': 'Internet Movie Database', 'Value': '7.2/10'}]",N/A,7.2,2928,tt10322286,tt2467372,episode,True
Trying,2020,TV-14,05 Mar 2020,7,6,21 min,"Comedy, Crime",Kim O. Nguyen,"Evan Susser, Van Robichaux, Dewayne Perkins","Andy Samberg, Stephanie Beatriz, Terry Crews",Jake and Amy work an uncrackable case while Holt adjusts to a new beat. Hitchcock looks for the love of his life.,English,N/A,N/A,https://m.media-amazon.com/images/M/MV5BOTVmYzdjNzQtZDgxOS00YjRmLWIxNGYtNTZjYThiZWU2NjJlXkEyXkFqcGc@._V1_SX300.jpg,"[{'Source': 'Internet Movie Database', 'Value': '7.7/10'}]",N/A,7.7,3007,tt10322288,tt2467372,episode,True
Ding Dong,2020,TV-14,12 Mar 2020,7,7,21 min,"Comedy, Crime",Claire Scanlon,"Dan Goor, Michael Schur, Jess Dweck","Andy Samberg, Stephanie Beatriz, Terry Crews",Capt. Holt deals with a personal loss; Jake must decide whether to take Terry or Charles to an exclusive event.,English,N/A,N/A,https://m.media-amazon.com/images/M/MV5BYmYxOTYxZjgtNDZmMC00ODk0LTlhZjctNzJmNDM3Nzk1Y2Q1XkEyXkFqcGc@._V1_SX300.jpg,"[{'Source': 'Internet Movie Database', 'Value': '8.6/10'}]",N/A,8.6,3080,tt10322292,tt2467372,episode,True
The Takeback,2020,TV-14,19 Mar 2020,7,8,21 min,"Comedy, Crime",Michael McDonald,"Dan Goor, Michael Schur, Dewayne Perkins","Andy Samberg, Stephanie Beatriz, Terry Crews","Doug Judy is back, and this time, things between him and Jake are personal; Amy and Charles try to find the perfect new vending machine for the Nine-Nine.",English,N/A,N/A,https://m.media-amazon.com/images/M/MV5BYzVlMGQwMmYtYjhiNy00N2UzLWIzNTAtMDlmYWJmZjYxNTczXkEyXkFqcGc@._V1_SX300.jpg,"[{'Source': 'Internet Movie Database', 'Value': '8.1/10'}]",N/A,8.1,2879,tt10322294,tt2467372,episode,True
Dillman,2020,TV-14,26 Mar 2020,7,9,21 min,"Comedy, Crime",Kyra Sedgwick,"Dan Goor, Michael Schur, Paul Welsh","Andy Samberg, Stephanie Beatriz, Terry Crews","When a prank goes disastrously awry, things at the Nine-Nine take a distinctly Agatha Christie turn.",English,N/A,N/A,https://m.media-amazon.com/images/M/MV5BNjI4YmY3YjMtZmQ4OS00YzUzLThiNTgtOGY1ODllYjg1YjQ1XkEyXkFqcGc@._V1_SX300.jpg,"[{'Source': 'Internet Movie Database', 'Value': '8.6/10'}]",N/A,8.6,2882,tt10322296,tt2467372,episode,True
Admiral Peralta,2020,TV-14,02 Apr 2020,7,10,21 min,"Comedy, Crime",Linda Mendoza,"Dan Goor, Michael Schur, Neil Campbell","Andy Samberg, Stephanie Beatriz, Terry Crews",Jake and his father deal with unsettled family business; Amy and Rosa work a high-profile case; Terry wants to join the NYPD band.,English,N/A,N/A,https://m.media-amazon.com/images/M/MV5BMDhjYTVhZTQtNmRjOS00OWVmLWI5OTktZGMxYTJmMWEwYTQ1XkEyXkFqcGc@._V1_SX300.jpg,"[{'Source': 'Internet Movie Database', 'Value': '7.8/10'}]",N/A,7.8,2572,tt10322298,tt2467372,episode,True
Valloweaster,2020,TV-14,09 Apr 2020,7,11,19 min,"Comedy, Crime",Matthew Nodella,"Dan Goor, Michael Schur, Luke Del Tredici","Andy Samberg, Stephanie Beatriz, Terry Crews",The squad competes in an effort to determine who is the greatest human/genius.,English,United States,N/A,https://m.media-amazon.com/images/M/MV5BMmYwMTY5MTgtYjhkMC00NDhmLWJiOWMtOGY4YTg5YTJlZTQxXkEyXkFqcGdeQXVyNjgzMjQ0MTA@._V1_SX300.jpg,"[{'Source': 'Internet Movie Database', 'Value': '8.1/10'}]",N/A,8.1,2775,tt10322302,tt2467372,episode,True
Ransom,2020,TV-14,16 Apr 2020,7,12,21 min,"Comedy, Crime",Rebecca Asher,"Dan Goor, Michael Schur, Nick Perdue","Andy Samberg, Stephanie Beatriz, Terry Crews",Holt asks for Jake's help in a case that is exceptionally meaningful to him. Charles and Terry work together on a side business.,English,N/A,N/A,https://m.media-amazon.com/images/M/MV5BN2YzZTY0YjUtYWI5OS00NTEyLWIwOTItZWQ5ODlmM2Q0MjliXkEyXkFqcGc@._V1_SX300.jpg,"[{'Source': 'Internet Movie Database', 'Value': '8.6/10'}]",N/A,8.6,2943,tt10322304,tt2467372,episode,True
Lights Out,2020,TV-14,23 Apr 2020,7,13,21 min,"Comedy, Crime",Dan Goor,"Dan Goor, Michael Schur, Luke Del Tredici","Andy Samberg, Stephanie Beatriz, Terry Crews",The entire squad is on high alert when a massive blackout hits Brooklyn.,English,N/A,N/A,https://m.media-amazon.com/images/M/MV5BYTBlYjUxMjAtYzcwMy00NzQ5LWE1Y2MtN2FjNjc3YTJmOGIyXkEyXkFqcGdeQXVyNjgzMjQ0MTA@._V1_SX300.jpg,"[{'Source': 'Internet Movie Database', 'Value': '9.1/10'}]",N/A,9.1,3754,tt10322300,tt2467372,episode,True
The Good Ones,2021,TV-14,12 Aug 2021,8,1,21 min,"Comedy, Crime",Cortney Carrillo,"Dan Goor, Michael Schur, David Phillips","Andy Samberg, Stephanie Beatriz, Terry Crews",Amy returns from maternity leave; Jake and Rosa work a difficult case.,English,United States,N/A,https://m.media-amazon.com/images/M/MV5BNmE4YjA3NDEtYWVmMi00YWY3LTlhNGYtOTc1Mjc3OGQyMTgzXkEyXkFqcGc@._V1_SX300.jpg,"[{'Source': 'Internet Movie Database', 'Value': '4.9/10'}]",N/A,4.9,8876,tt11291232,tt2467372,episode,True
The Lake House,2021,TV-14,12 Aug 2021,8,2,21 min,"Comedy, Crime",Kevin Bray,"Dan Goor, Michael Schur, Neil Campbell","Andy Samberg, Stephanie Beatriz, Terry Crews",The squad takes Capt. Holt up on an offer for a weekend getaway.,English,United States,N/A,https://m.media-amazon.com/images/M/MV5BZGUzZWQ0ZmEtYmY0MC00NTU1LTliYjEtYjY3OWRmNzQ5YmIyXkEyXkFqcGc@._V1_SX300.jpg,"[{'Source': 'Internet Movie Database', 'Value': '7.6/10'}]",N/A,7.6,3541,tt12833028,tt2467372,episode,True
Blue Flu,2021,TV-14,19 Aug 2021,8,3,21 min,"Comedy, Crime",Claire Scanlon,"Dan Goor, Michael Schur, Carol Kolb","Andy Samberg, Stephanie Beatriz, Terry Crews",Captain Holt and Amy manage an understaffed precinct; Jake and Charles investigate.,English,United States,N/A,https://m.media-amazon.com/images/M/MV5BNjFkNzFlOTYtYjc4ZS00Mjk3LWJhMWEtMjg2MTFmNTc1NjAwXkEyXkFqcGc@._V1_SX300.jpg,"[{'Source': 'Internet Movie Database', 'Value': '7.0/10'}]",N/A,7.0,3105,tt13829416,tt2467372,episode,True
Balancing,2021,TV-14,19 Aug 2021,8,4,21 min,"Comedy, Crime",Daniella Eisman,"Dan Goor, Michael Schur, Evan Susser","Andy Samberg, Stephanie Beatriz, Terry Crews",Jake and Amy create a system to balance work and childcare; Rosa gets a new houseguest.,English,United States,N/A,https://m.media-amazon.com/images/M/MV5BNmMwYmM0NDAtODAwMy00YjA3LWJmZDItMmUwMTg4MTIxY2ZmXkEyXkFqcGc@._V1_SX300.jpg,"[{'Source': 'Internet Movie Database', 'Value': '7.6/10'}]",N/A,7.6,2771,tt13829424,tt2467372,episode,True
PB&J,2021,TV-14,26 Aug 2021,8,5,20 min,"Comedy, Crime",Gail Mancuso,"Dan Goor, Michael Schur, Lamar Woods","Andy Samberg, Stephanie Beatriz, Terry Crews",Jake takes an old friend for a ride.,English,United States,N/A,https://m.media-amazon.com/images/M/MV5BMmMxNjQxOTMtNzRlMS00N2RhLWEyZDQtM2U1ZTZmOTZjNGYxXkEyXkFqcGc@._V1_SX300.jpg,"[{'Source': 'Internet Movie Database', 'Value': '7.8/10'}]",N/A,7.8,2954,tt13829430,tt2467372,episode,True
The Set Up,2021,TV-14,26 Aug 2021,8,6,21 min,"Comedy, Crime",Maggie Carey,"Dan Goor, Michael Schur, Jess Dweck","Andy Samberg, Stephanie Beatriz, Terry Crews","When the FBI takes over a high-profile case, Jake keeps digging; Amy and Rosa negotiate with O'Sullivan and the police union.",English,United States,N/A,https://m.media-amazon.com/images/M/MV5BMjQ3MmM5MWItYmZmNS00M2UwLTg3NDYtYTMzM2UyZTUwNmYyXkEyXkFqcGc@._V1_SX300.jpg,[],N/A,N/A,3047,tt13842130,tt2467372,episode,True
Game of Boyles,2021,TV-14,02 Sep 2021,8,7,22 min,"Comedy, Crime",Thembi Banks,"Dan Goor, Michael Schur, Paul Welsh","Andy Samberg, Stephanie Beatriz, Terry Crews","Terry, Jake and Charles visit the Boyle Family Farm; Amy and Rosa help out Capt. Holt.",English,United States,N/A,https://m.media-amazon.com/images/M/MV5BMmRlNjFkYzItMGI4MS00ZTg1LWIwNTEtNTg0NDI5YjgwNGViXkEyXkFqcGdeQXVyNDQ0MTYzMDA@._V1_SX300.jpg,"[{'Source': 'Internet Movie Database', 'Value': '7.9/10'}]",N/A,7.9,2625,tt13842136,tt2467372,episode,True
Renewal,2021,TV-14,02 Sep 2021,8,8,21 min,"Comedy, Crime",Beth McCarthy-Miller,"Dan Goor, Michael Schur, Stephanie Amante-Ritter","Andy Samberg, Stephanie Beatriz, Terry Crews",The squad comes together to work an important high-stakes case.,English,United States,N/A,https://m.media-amazon.com/images/M/MV5BMjdhOTY1NjUtMzc1Ny00OTBlLWJmNmMtNDQxYmI1NGE5OGQ0XkEyXkFqcGdeQXVyMzQzNDEyNzc@._V1_SX300.jpg,"[{'Source': 'Internet Movie Database', 'Value': '7.9/10'}]",N/A,7.9,2364,tt13842142,tt2467372,episode,True
The Last Day Pt 1,2021,TV-14,16 Sep 2021,8,9,22 min,"Comedy, Crime",Linda Mendoza,"Dan Goor, Michael Schur, Luke Del Tredici","Andy Samberg, Stephanie Beatriz, Terry Crews",The squad takes stock of their eight years together and look towards their future.,English,United States,N/A,https://m.media-amazon.com/images/M/MV5BMjgxN2NmMmMtMWJiMC00Y2Q3LThmOTMtZDJjMGVkZGQ1ZGNiXkEyXkFqcGc@._V1_SX300.jpg,"[{'Source': 'Internet Movie Database', 'Value': '9.2/10'}]",N/A,9.2,3984,tt13842150,tt2467372,episode,True
The Last Day Pt 2,2021,TV-14,16 Sep 2021,8,10,25 min,"Comedy, Crime",Claire Scanlon,"Dan Goor, Marcy Jarreau, April Korto Quioh","Andy Samberg, Stephanie Beatriz, Terry Crews",The squad takes stock of their eight years together and look towards their future.,English,United States,N/A,https://m.media-amazon.com/images/M/MV5BMjdmMWNkZTQtNGM2MS00YmI3LTgzMzktZjlhZTAyYWYxNjk0XkEyXkFqcGc@._V1_SX300.jpg,"[{'Source': 'Internet Movie Database', 'Value': '9.4/10'}]",N/A,9.4,5975,tt13842152,tt2467372,episode,True
