Season,Episode,Title,Rating,Total Votes,reception_type
8,8,Renewal,8.1,1211,Cult Favorite
8,7,Game of Boyles,8.1,1278,Cult Favorite
8,4,Balancing,7.8,1450,Balanced
8,5,PB&J,8.0,1454,Cult Favorite
8,6,The Set Up,6.7,1524,Balanced
8,3,Blue Flu,7.0,1641,Balanced
7,10,Admiral Peralta,8.0,1653,Balanced
7,6,Trying,7.8,1762,Balanced
7,8,The Takeback,8.2,1808,Cult Favorite
7,4,The Jimmy Jab Games II,7.9,1820,Balanced
7,11,Valloweaster,8.3,1839,Cult Favorite
7,9,Dillman,8.7,1870,Cult Favorite
8,2,The Lake House,7.9,1891,Balanced
7,5,Debbie,7.3,1925,Balanced
7,2,Captain Kim,8.3,1943,Cult Favorite
5,21,White Whale,8.0,1945,Balanced
7,12,Ransom,8.8,1961,Cult Favorite
6,13,The Bimbo,7.9,1968,Balanced
6,17,Sicko,8.5,1981,Cult Favorite
5,18,Gray Star Mutual,8.0,1992,Balanced
4,19,Your Honor,8.0,2006,Balanced
4,20,The Slaughterhouse,8.0,2008,Balanced
6,10,Gintars,7.4,2017,Balanced
5,16,NutriBoom,7.8,2027,Balanced
5,15,The Puzzle Master,7.7,2031,Balanced
4,12,"The Fugitive, Part 2",8.5,2042,Cult Favorite
5,11,The Favor,8.0,2049,Balanced
7,7,Ding Dong,8.7,2049,Cult Favorite
7,1,Manhunter,8.1,2053,Balanced
4,18,Chasing Amy,8.0,2061,Balanced
5,8,Return to Skyfire,7.5,2064,Balanced
4,14,Serve & Protect,7.9,2074,Balanced
4,13,The Audit,7.7,2079,Balanced
6,11,The Therapist,8.1,2087,Balanced
5,6,The Venue,7.8,2088,Balanced
7,3,Pimemento,8.6,2088,Cult Favorite
5,5,Bad Beat,8.0,2096,Balanced
5,19,Bachelor/ette Party,8.5,2098,Cult Favorite
4,17,Cop-Con,8.3,2113,Cult Favorite
4,21,The Bank Job,8.5,2125,Cult Favorite
5,3,Kicks,8.0,2130,Balanced
8,9,The Last Day Pt 1,9.4,2130,Cult Favorite
5,7,Two Turkeys,8.1,2137,Balanced
4,9,The Overmining,8.0,2145,Balanced
5,17,DFW,7.8,2161,Balanced
4,15,The Last Ride,8.3,2162,Cult Favorite
4,10,Captain Latvia,7.6,2163,Balanced
3,19,Terry Kitties,7.7,2163,Balanced
4,6,Monster in the Closet,7.9,2178,Balanced
4,8,Skyfire Cycle,7.8,2180,Balanced
6,14,Ticking Clocks,8.4,2187,Cult Favorite
3,16,House Mouses,7.8,2198,Balanced
6,9,The Golden Child,8.1,2198,Balanced
3,21,Maximum Security,8.1,2209,Balanced
3,20,Paranoia,8.2,2216,Balanced
5,13,The Negotiation,8.3,2241,Balanced
3,14,Karen Peralta,7.6,2249,Balanced
6,3,The Tattler,7.6,2252,Balanced
3,17,Adrian Pimento,7.8,2253,Balanced
6,12,Casecation,7.6,2256,Balanced
5,20,Show Me Going,8.4,2261,Balanced
3,18,Cheddar,7.8,2265,Balanced
4,22,Crime & Punishment,8.6,2267,Cult Favorite
4,4,The Night Shift,7.6,2283,Popular Voting Choice
3,15,The 9-8,8.0,2288,Balanced
4,11,"The Fugitive, Part 1",8.5,2299,Balanced
4,7,Mr. Santiago,8.2,2304,Balanced
6,5,A Tale of Two Bandits,8.2,2310,Balanced
5,2,The Big House Pt. 2,8.4,2318,Balanced
3,11,Hostage Situation,7.7,2320,Popular Voting Choice
6,7,The Honeypot,8.5,2338,Balanced
4,2,"Coral Palms, Part 2",8.2,2365,Balanced
4,3,"Coral Palms, Part 3",8.4,2365,Balanced
3,7,The Mattress,7.8,2366,Balanced
3,6,Into the Woods,7.8,2374,Balanced
3,22,Bureau,8.7,2376,Cult Favorite
3,13,The Cruise,8.1,2378,Balanced
5,12,Safe House,8.7,2383,Cult Favorite
3,8,Ava,8.2,2406,Balanced
3,3,Boyle's Hunch,7.8,2413,Balanced
6,4,Four Movements,7.4,2430,Popular Voting Choice
2,20,AC/DC,7.7,2433,Popular Voting Choice
3,9,The Swedes,7.8,2437,Popular Voting Choice
6,6,The Crime Scene,8.5,2451,Balanced
2,19,Sabotage,7.9,2453,Balanced
6,15,Return of the King,6.4,2463,Popular Voting Choice
2,21,Det. Dave Majors,8.0,2470,Balanced
3,12,9 Days,8.0,2472,Balanced
2,18,Captain Peralta,7.8,2480,Popular Voting Choice
3,2,The Funeral,7.7,2482,Popular Voting Choice
2,14,Defense Rests,7.7,2497,Popular Voting Choice
5,1,The Big House Pt. 1,8.5,2498,Balanced
4,1,"Coral Palms, Part 1",8.2,2502,Balanced
2,16,The Wednesday Incident,8.0,2510,Balanced
2,13,Payback,8.0,2543,Balanced
2,15,Windbreaker City,8.2,2561,Balanced
2,11,Stakeout,7.8,2571,Popular Voting Choice
2,17,Boyle-Linetti Wedding,8.2,2582,Balanced
3,4,The Oolong Slayer,8.5,2593,Balanced
2,22,The Chopper,8.6,2594,Balanced
6,18,Suicide Squad,9.1,2596,Balanced
2,8,USPIS,7.9,2624,Popular Voting Choice
2,7,Lockdown,7.8,2629,Popular Voting Choice
5,9,99,8.8,2642,Balanced
2,10,The Pontiac Bandit Returns,8.3,2662,Balanced
5,10,Game Night,8.6,2665,Balanced
4,5,Halloween IV,8.8,2673,Balanced
2,9,The Road Trip,8.2,2689,Balanced
8,10,The Last Day Pt 2,9.6,2697,Balanced
2,12,Beach House,8.3,2698,Balanced
3,10,Yippie Kayak,8.8,2730,Balanced
2,5,The Mole,8.2,2739,Balanced
2,6,Jake and Sophia,8.2,2743,Balanced
3,23,Greg and Larry,9.0,2746,Balanced
2,2,Chocolate Milk,7.7,2752,Popular Voting Choice
3,1,New Captain,8.3,2762,Balanced
1,20,Fancy Brudgom,7.6,2775,Popular Voting Choice
1,18,The Apartment,7.7,2785,Popular Voting Choice
7,13,Lights Out,9.3,2786,Balanced
1,21,Unsolvable,8.2,2819,Balanced
6,1,Honeymoon,8.4,2828,Balanced
2,3,The Jimmy Jab Games,8.3,2872,Balanced
1,17,Full Boyle,7.9,2873,Popular Voting Choice
1,14,The Ebony Falcon,7.6,2897,Popular Voting Choice
6,16,Cinco de Mayo,9.2,2923,Balanced
2,1,Undercover,8.2,2924,Balanced
1,19,Tactical Village,8.5,2990,Balanced
6,2,Hitchcock & Scully,8.8,2998,Balanced
1,11,Christmas,8.2,3030,Balanced
1,15,Operation: Broken Feather,8.2,3033,Balanced
3,5,Halloween III,9.0,3065,Balanced
1,12,Pontiac Bandit,8.1,3083,Popular Voting Choice
1,9,Sal's Pizza,7.6,3102,Popular Voting Choice
1,8,Old School,7.7,3166,Popular Voting Choice
1,10,Thanksgiving,8.2,3178,Popular Voting Choice
1,16,The Party,8.5,3192,Balanced
5,22,Jake & Amy,9.2,3213,Balanced
2,4,Halloween II,8.8,3222,Balanced
1,7,48 Hours,8.1,3308,Popular Voting Choice
1,5,The Vulture,8.0,3370,Popular Voting Choice
2,23,Johnny and Dora,9.1,3448,Balanced
1,22,Charges and Specs,8.9,3450,Balanced
1,4,M.E. Time,7.7,3473,Popular Voting Choice
1,13,The Bet,8.8,3501,Balanced
1,3,The Slump,7.6,3591,Popular Voting Choice
1,6,Halloween,8.5,3767,Balanced
1,2,The Tagger,7.5,3833,Popular Voting Choice
6,8,"He Said, She Said",7.0,3847,Popular Voting Choice
4,16,Moo Moo,8.9,4165,Balanced
8,1,The Good Ones,4.8,4515,Popular Voting Choice
5,4,HalloVeen,9.5,4666,Balanced
1,1,Pilot,7.8,4701,Popular Voting Choice
5,14,The Box,9.6,6262,Balanced
